DateTime,Open,High,Low,Close,Volume
2023-11-30 19:45:00,376.0510,376.1205,375.9617,376.0610,4175
2023-11-30 19:30:00,376.0709,376.1205,376.0510,376.0709,691
2023-11-30 19:15:00,376.1106,376.1205,376.0610,376.0907,893
2023-11-30 19:00:00,376.0907,376.1205,376.0610,376.0709,7346
2023-11-30 18:45:00,375.9716,376.1007,375.9716,376.0907,3124
2023-11-30 18:30:00,376.0907,376.1602,376.0113,376.0907,1234
2023-11-30 18:15:00,375.9915,376.1404,375.9319,376.1106,5773
2023-11-30 18:00:00,375.9617,376.0113,375.7930,375.9418,3606
2023-11-30 17:45:00,375.9716,376.0510,375.8724,375.9617,1942
2023-11-30 17:30:00,376.0113,376.1205,318.1350,375.9716,5612
2023-11-30 17:15:00,376.0510,376.1205,316.9469,376.0610,627932
2023-11-30 17:00:00,375.9518,376.1007,294.3179,376.1007,4400
2023-11-30 16:45:00,376.1074,376.1337,375.8823,376.0297,449842
2023-11-30 16:30:00,376.0113,376.1205,375.9716,376.1074,85351
2023-11-30 16:15:00,376.1205,376.1205,316.6019,376.0113,596570
2023-11-30 16:00:00,376.1106,376.2099,375.7334,376.1205,21863046
2023-11-30 15:45:00,374.2246,376.5275,373.8474,376.1304,3505594
2023-11-30 15:30:00,373.1228,374.2544,372.9774,374.2444,654916
2023-11-30 15:15:00,373.2915,373.3708,372.7754,373.1128,469659
2023-11-30 15:00:00,373.8320,373.8970,373.1575,373.2717,391697
2023-11-30 14:45:00,373.5595,374.0062,373.5397,373.8077,447347
2023-11-30 14:30:00,373.0930,373.5794,373.0136,373.5595,343064
2023-11-30 14:15:00,373.6439,373.8275,373.0334,373.0731,445686
2023-11-30 14:00:00,373.0235,373.6588,372.9937,373.6389,345188
2023-11-30 13:45:00,373.2036,373.4007,372.7058,373.0235,387658
2023-11-30 13:30:00,373.3114,373.7779,373.0831,373.2121,380560
2023-11-30 13:15:00,373.6091,373.7084,373.2853,373.2853,259003
2023-11-30 13:00:00,374.1551,374.2605,373.5595,373.5794,323533
2023-11-30 12:45:00,374.1750,374.3635,373.9268,374.1551,291614
2023-11-30 12:30:00,373.7084,374.2444,373.5496,374.1724,311281
2023-11-30 12:15:00,374.0459,374.0459,373.5000,373.6870,336998
2023-11-30 12:00:00,373.4106,374.1948,373.2419,374.0757,416787
2023-11-30 11:45:00,373.6389,373.9023,373.3014,373.3808,505007
2023-11-30 11:30:00,374.1551,374.3636,373.4900,373.5992,457155
2023-11-30 11:15:00,374.3238,374.6613,373.9665,374.1551,449310
2023-11-30 11:00:00,374.7606,374.9988,374.1750,374.3437,581905
2023-11-30 10:45:00,374.9095,375.0187,373.9070,374.7805,687854
2023-11-30 10:30:00,375.3066,376.0113,374.4827,374.9095,618713
2023-11-30 10:15:00,376.1404,376.6268,375.2768,375.2788,729186
2023-11-30 10:00:00,375.8227,376.2297,374.6316,376.1404,704243
2023-11-30 09:45:00,375.8128,376.3389,375.3363,375.7830,843018
2023-11-30 09:30:00,375.7036,377.2918,374.8748,375.8128,1789816
2023-11-30 09:15:00,376.0610,376.1106,375.4455,375.7235,21865
2023-11-30 09:00:00,375.9915,381.0142,375.5150,376.0709,29003
2023-11-30 08:45:00,377.1231,377.2025,375.9617,375.9617,35217
2023-11-30 08:30:00,378.0959,378.1654,377.0139,377.0199,41742
2023-11-30 08:15:00,378.0959,378.1852,376.0610,378.0959,13194
2023-11-30 08:00:00,377.6492,378.0959,376.0610,378.0065,29003
2023-11-30 07:45:00,378.0065,378.0065,377.5996,377.7286,5550
2023-11-30 07:30:00,377.5102,377.9966,377.5102,377.9668,10460
2023-11-30 07:15:00,377.6790,378.0165,377.4804,377.5003,13328
2023-11-30 07:00:00,376.7161,377.8378,376.7161,377.6492,11159
2023-11-30 06:45:00,376.9543,377.0238,376.6963,376.7062,761
2023-11-30 06:30:00,376.6466,376.9940,376.6466,376.9841,978
2023-11-30 06:15:00,376.7856,376.8948,376.5771,376.6367,1275
2023-11-30 06:00:00,376.9047,376.9047,376.6665,376.7757,926
2023-11-30 05:45:00,376.7955,376.9047,376.6863,376.9047,704
2023-11-30 05:30:00,376.4580,376.8054,376.4481,376.7955,1237
2023-11-30 05:15:00,376.5474,376.5771,376.2893,376.4977,571
2023-11-30 05:00:00,376.6565,376.6565,376.4084,376.4878,252
2023-11-30 04:45:00,376.4084,376.6963,376.1999,376.6764,291
2023-11-30 04:30:00,377.0834,377.0834,376.2793,376.5771,2694
2023-11-30 04:15:00,376.9742,377.1429,376.9047,377.0536,2909
2023-11-30 04:00:00,376.8352,377.0040,376.2694,376.9246,3676
2023-11-29 19:45:00,376.1999,376.7558,376.1602,376.3985,7619
2023-11-29 19:30:00,376.1205,376.1999,376.0907,376.1999,2034
2023-11-29 19:15:00,376.2099,376.2099,376.0610,376.1304,2898
2023-11-29 19:00:00,376.0709,376.2099,376.0610,376.2097,1599
2023-11-29 18:45:00,376.1106,376.3191,376.0610,376.0610,1344
2023-11-29 18:30:00,376.0610,376.4580,376.0610,376.1205,1736
2023-11-29 18:15:00,376.0610,376.2099,376.0213,376.1999,3589
2023-11-29 18:00:00,376.4084,376.4580,376.0610,376.0610,1882
2023-11-29 17:45:00,376.2198,376.4580,376.1192,376.4557,1119
2023-11-29 17:30:00,376.2893,376.3290,376.0610,376.2297,795282
2023-11-29 17:15:00,376.4382,379.7651,376.2099,376.3290,2839
2023-11-29 17:00:00,376.2694,376.4481,369.5568,376.3091,3654
2023-11-29 16:45:00,376.4084,376.4779,376.0610,376.2694,3773299
2023-11-29 16:30:00,376.3588,376.4679,376.2595,376.4084,5878
2023-11-29 16:15:00,376.2992,376.4779,376.0610,376.3588,102923
2023-11-29 16:00:00,376.0709,376.5771,375.8128,376.3488,5628280
2023-11-29 15:45:00,376.2595,376.5672,375.7532,376.0709,1502275
2023-11-29 15:30:00,375.9270,376.3488,375.8823,376.2396,678915
2023-11-29 15:15:00,376.4977,376.5871,375.8128,375.9170,708222
2023-11-29 15:00:00,377.1032,377.1529,376.4679,376.4729,554453
2023-11-29 14:45:00,376.9543,377.2184,376.8700,377.0834,462002
2023-11-29 14:30:00,376.8054,377.0536,376.4679,376.9643,502918
2023-11-29 14:15:00,376.6857,376.8948,376.4679,376.8054,462037
2023-11-29 14:00:00,376.1702,376.7459,375.9021,376.6863,436602
2023-11-29 13:45:00,376.0461,376.4282,376.0312,376.1801,360807
2023-11-29 13:30:00,376.4679,376.4679,375.8823,376.0510,449368
2023-11-29 13:15:00,375.9021,376.4977,375.7632,376.4580,336774
2023-11-29 13:00:00,376.3290,376.6763,375.8922,375.9121,477536
2023-11-29 12:45:00,375.8328,376.3191,375.7632,376.2992,386598
2023-11-29 12:30:00,375.7086,375.9121,375.3562,375.8426,390647
2023-11-29 12:15:00,375.2074,375.7403,374.9691,375.6937,435978
2023-11-29 12:00:00,375.6242,375.6639,375.0187,375.2073,445325
2023-11-29 11:45:00,375.4753,375.8575,375.3959,375.6242,470653
2023-11-29 11:30:00,375.5249,375.7830,374.6613,375.4604,949905
2023-11-29 11:15:00,376.4679,376.4977,375.2271,375.5249,1048155
2023-11-29 11:00:00,376.8849,376.9072,376.0411,376.4806,880468
2023-11-29 10:45:00,376.5672,377.3613,376.1920,376.8948,754408
2023-11-29 10:30:00,376.4977,376.9742,376.0808,376.5871,837766
2023-11-29 10:15:00,376.8944,376.8948,375.9021,376.4877,1332748
2023-11-29 10:00:00,378.8155,379.1381,376.3488,376.8948,1814613
2023-11-29 09:45:00,379.0290,380.0811,378.4334,378.7907,1515485
2023-11-29 09:30:00,380.9348,381.4708,378.4086,379.0290,2095635
2023-11-29 09:15:00,381.8675,381.8675,380.4212,380.7264,68182
2023-11-29 09:00:00,381.8183,381.9374,377.3663,381.6991,21775
2023-11-29 08:45:00,381.9225,381.9275,381.6793,381.8977,12227
2023-11-29 08:30:00,382.1558,382.5627,381.5800,381.8580,34539
2023-11-29 08:15:00,382.0764,382.1756,379.8826,382.1558,330933
2023-11-29 08:00:00,381.6694,382.7513,379.8628,382.1542,34959
2023-11-29 07:45:00,382.0565,382.1161,381.8083,381.9771,7621
2023-11-29 07:30:00,382.4238,382.6322,381.9969,382.0366,15141
2023-11-29 07:15:00,381.8083,382.5330,381.7686,382.4436,15886
2023-11-29 07:00:00,381.4808,381.8381,381.3319,381.8183,14106
2023-11-29 06:45:00,380.9944,381.7389,380.8356,381.5602,3956
2023-11-29 06:30:00,380.9745,381.0539,380.7760,380.9745,1176
2023-11-29 06:15:00,381.2326,381.2525,380.9249,381.0738,852
2023-11-29 06:00:00,381.2425,381.3219,381.1333,381.1731,2058
2023-11-29 05:45:00,381.3120,381.3120,381.0837,381.2723,669
2023-11-29 05:30:00,381.3617,381.5900,380.9249,381.2326,4110
2023-11-29 05:15:00,381.2922,381.8480,381.1333,381.3120,8219
2023-11-29 05:00:00,380.7760,381.3815,380.7363,381.2624,881
2023-11-29 04:45:00,380.5278,381.5602,380.5278,380.7065,3548
2023-11-29 04:30:00,381.0341,381.1333,380.4782,380.4782,3520
2023-11-29 04:15:00,380.4782,381.0837,380.4584,381.0341,3006
2023-11-29 04:00:00,380.1606,381.0043,379.8826,380.4782,6088
2023-11-28 19:45:00,379.8826,380.0811,379.6940,379.7834,6448
2023-11-28 19:30:00,379.5551,379.8727,379.5451,379.8727,4736
2023-11-28 19:15:00,379.8231,379.8231,379.5153,379.5551,2563
2023-11-28 19:00:00,379.8231,379.8231,379.5153,379.7139,1394
2023-11-28 18:45:00,379.6841,379.8727,379.5848,379.6940,3075
2023-11-28 18:30:00,379.6692,379.8727,379.4210,379.7337,405
2023-11-28 18:15:00,379.3962,379.9819,379.3565,379.3863,4918
2023-11-28 18:00:00,379.5848,379.7635,379.3863,379.3863,3980
2023-11-28 17:45:00,379.4558,379.6345,375.0683,379.6047,6408
2023-11-28 17:30:00,379.4459,379.6345,379.3466,379.4558,2092
2023-11-28 17:15:00,379.5253,382.0983,369.7974,379.5253,5444
2023-11-28 17:00:00,379.7437,382.0983,379.2473,379.5054,12201
2023-11-28 16:45:00,379.9422,380.1804,379.6245,379.7139,34118
2023-11-28 16:30:00,380.1209,380.3675,379.8826,379.9720,31550
2023-11-28 16:15:00,379.8826,380.1606,379.8826,380.1308,15257
2023-11-28 16:00:00,379.8727,380.1804,378.6468,379.9025,5737394
2023-11-28 15:45:00,378.2001,379.9422,378.1356,379.8826,1890919
2023-11-28 15:30:00,378.0909,378.3415,377.9768,378.1792,520274
2023-11-28 15:15:00,378.4433,378.5426,377.9321,378.1008,497503
2023-11-28 15:00:00,378.6518,378.8304,378.3639,378.4631,373872
2023-11-28 14:45:00,378.4631,378.8006,378.2547,378.6121,469024
2023-11-28 14:30:00,378.0462,378.6319,377.7087,378.4631,401744
2023-11-28 14:15:00,378.0065,378.3440,377.9470,378.0461,416078
2023-11-28 14:00:00,378.3738,378.7212,378.0131,378.0264,370312
2023-11-28 13:45:00,378.2249,378.6915,378.1654,378.3242,295658
2023-11-28 13:30:00,378.5709,378.6468,378.1654,378.2051,350900
2023-11-28 13:15:00,378.1654,378.6418,377.9172,378.5624,447587
2023-11-28 13:00:00,379.1381,379.3764,377.9966,378.2348,519366
2023-11-28 12:45:00,378.7312,379.1878,378.5525,379.1366,288719
2023-11-28 12:30:00,379.5451,379.5551,378.5426,378.7112,393431
2023-11-28 12:15:00,379.7635,379.9422,379.5451,379.5451,327796
2023-11-28 12:00:00,379.5054,379.8131,379.1183,379.7698,481571
2023-11-28 11:45:00,379.7734,379.7933,379.2076,379.4955,496330
2023-11-28 11:30:00,379.7337,380.1804,379.6841,379.7941,537660
2023-11-28 11:15:00,379.1282,379.7834,378.4929,379.7337,592239
2023-11-28 11:00:00,378.9793,379.3168,378.4880,379.1183,494045
2023-11-28 10:45:00,379.5749,379.5948,378.1852,378.9446,799620
2023-11-28 10:30:00,378.3043,379.9521,378.1455,379.5699,892192
2023-11-28 10:15:00,378.0362,379.1381,377.7981,378.3439,903320
2023-11-28 10:00:00,377.5300,378.3639,377.1628,378.0165,834338
2023-11-28 09:45:00,377.2472,379.1580,377.1628,377.5201,1690468
2023-11-28 09:30:00,375.5646,378.0289,375.3760,377.2521,1723676
2023-11-28 09:15:00,375.0088,375.5746,374.4430,375.5646,48348
2023-11-28 09:00:00,375.1180,375.8227,374.8499,375.0088,11519
2023-11-28 08:45:00,374.6713,375.1676,374.6216,375.1180,10845
2023-11-28 08:30:00,375.0088,375.1229,373.5943,374.6316,19409
2023-11-28 08:15:00,374.4231,375.8227,374.2345,374.9988,7006
2023-11-28 08:00:00,375.4753,376.5077,374.2246,374.2841,42135
2023-11-28 07:45:00,375.4158,375.4555,374.9889,374.9988,5482
2023-11-28 07:30:00,375.3066,375.4455,375.2172,375.3463,1994
2023-11-28 07:15:00,375.4753,375.4753,375.0882,375.4356,8896
2023-11-28 07:00:00,375.5746,375.9121,375.3661,375.4654,10513
2023-11-28 06:45:00,375.3562,375.6738,375.3165,375.4455,1203
2023-11-28 06:30:00,375.8029,375.8029,375.3165,375.3562,2075
2023-11-28 06:15:00,375.9021,375.9021,375.6937,375.7632,3230
2023-11-28 06:00:00,376.1999,376.3488,375.7135,375.8525,2173
2023-11-28 05:45:00,376.1999,376.3191,375.9716,376.1503,1339
2023-11-28 05:30:00,375.9121,376.2496,375.8823,376.1602,1124
2023-11-28 05:15:00,375.8426,375.9716,375.8029,375.9617,888
2023-11-28 05:00:00,375.8128,375.9121,375.7632,375.9021,213
2023-11-28 04:45:00,375.8624,375.9617,375.7632,375.8426,291
2023-11-28 04:30:00,375.7930,375.9716,375.6838,375.8624,2251
2023-11-28 04:15:00,375.6341,375.7532,375.4852,375.5448,1311
2023-11-28 04:00:00,375.7930,376.0709,375.4555,375.6341,1566
2023-11-27 19:45:00,375.7930,376.2992,375.7930,376.2099,2498
2023-11-27 19:30:00,375.8426,375.9121,375.6738,375.7930,729
2023-11-27 19:15:00,376.2992,376.3091,375.6143,375.8128,2766
2023-11-27 19:00:00,376.2595,376.3885,375.8724,376.2992,5188
2023-11-27 18:45:00,376.2595,376.4084,375.8227,376.2099,808
2023-11-27 18:30:00,375.8128,376.5275,375.7334,376.1106,6650
2023-11-27 18:15:00,375.7135,375.8227,375.6639,375.8113,7737
2023-11-27 18:00:00,375.5845,375.7135,375.5646,375.7135,3221
2023-11-27 17:45:00,375.5845,375.6937,375.5646,375.6937,554
2023-11-27 17:30:00,375.5706,375.6540,375.5646,375.5646,1527
2023-11-27 17:15:00,375.6143,375.6540,364.0678,375.5746,561
2023-11-27 17:00:00,375.4555,375.6540,375.4158,375.5746,5139
2023-11-27 16:45:00,375.4654,375.4952,375.3959,375.4555,1084
2023-11-27 16:30:00,375.4654,375.5150,375.3661,375.4654,2358
2023-11-27 16:15:00,375.8227,375.8227,375.3098,375.4852,28114
2023-11-27 16:00:00,375.8227,375.9220,375.4455,375.5150,9079347
2023-11-27 15:45:00,376.2010,376.2595,375.6143,375.8227,1946341
2023-11-27 15:30:00,376.2099,376.5076,376.0907,376.2220,508579
2023-11-27 15:15:00,375.9319,376.2595,375.9121,376.1901,402845
2023-11-27 15:00:00,376.3042,376.3985,375.8823,375.9418,390453
2023-11-27 14:45:00,375.7433,376.3317,375.6341,376.3191,356804
2023-11-27 14:30:00,376.4183,376.5077,375.4455,375.7532,476489
2023-11-27 14:15:00,376.6516,376.6516,376.1702,376.3885,366435
2023-11-27 14:00:00,376.9345,377.0710,376.5497,376.6565,356060
2023-11-27 13:45:00,376.9246,377.1428,376.5970,376.9295,356361
2023-11-27 13:30:00,377.1330,377.2526,376.7955,376.9047,336700
2023-11-27 13:15:00,377.5996,377.6095,376.9544,377.1231,488304
2023-11-27 13:00:00,377.5598,377.8378,377.4507,377.5896,466160
2023-11-27 12:45:00,377.3613,377.7882,377.3216,377.5504,1040012
2023-11-27 12:30:00,377.0536,377.5499,376.7856,377.3613,756757
2023-11-27 12:15:00,376.9047,377.1132,376.5077,377.0437,618258
2023-11-27 12:00:00,376.2496,376.9643,376.1503,376.9097,693441
2023-11-27 11:45:00,375.2371,376.2689,375.2172,376.2297,583379
2023-11-27 11:30:00,374.9194,375.6242,374.8522,375.2569,531501
2023-11-27 11:15:00,374.6415,374.9889,374.5025,374.9343,477960
2023-11-27 11:00:00,375.1676,375.1726,374.4727,374.6415,381887
2023-11-27 10:45:00,374.5869,375.3612,374.5025,375.1924,491626
2023-11-27 10:30:00,374.2147,375.0783,374.2147,374.5919,495957
2023-11-27 10:15:00,374.5819,374.7011,374.0459,374.1650,546777
2023-11-27 10:00:00,374.8797,375.1577,374.3437,374.6068,845709
2023-11-27 09:45:00,374.6316,374.9095,373.8176,374.8499,629532
2023-11-27 09:30:00,374.0062,375.3959,373.4305,374.5919,1547847
2023-11-27 09:15:00,373.3312,374.0161,373.2717,373.9963,22582
2023-11-27 09:00:00,373.6588,374.6514,373.2319,373.3709,573222
2023-11-27 08:45:00,373.6985,373.7878,373.4503,373.7283,9225
2023-11-27 08:30:00,373.8672,374.6514,373.6389,373.6786,12107
2023-11-27 08:15:00,373.7555,374.0062,373.5099,373.8474,7270
2023-11-27 08:00:00,374.1141,375.2470,373.0136,373.6489,25999
2023-11-27 07:45:00,373.6191,373.7878,373.5297,373.6191,9190
2023-11-27 07:30:00,373.9963,374.1154,373.6091,373.6290,5603
2023-11-27 07:15:00,374.3933,374.4330,374.0062,374.0062,5162
2023-11-27 07:00:00,373.9367,374.5422,373.8275,374.4727,6903
2023-11-27 06:45:00,374.1253,374.2643,373.8573,373.9268,2135
2023-11-27 06:30:00,374.2841,374.4033,374.1253,374.1452,1176
2023-11-27 06:15:00,374.4430,374.4430,374.2246,374.3238,1511
2023-11-27 06:00:00,374.5819,374.6713,374.3735,374.5025,703
2023-11-27 05:45:00,374.1253,374.6713,374.1253,374.5720,1126
2023-11-27 05:30:00,374.3040,374.3834,374.1253,374.2246,932
2023-11-27 05:15:00,373.9566,374.4628,373.9566,374.3238,1577
2023-11-27 05:00:00,373.8772,373.9268,373.5297,373.9268,610
2023-11-27 04:45:00,373.7283,374.0261,373.5397,373.6389,607
2023-11-27 04:30:00,374.1253,374.1253,373.7283,373.7283,745
2023-11-27 04:15:00,374.0261,374.4033,374.0261,374.1154,1002
2023-11-27 04:00:00,374.2246,375.0683,373.7084,373.9665,2894
2023-11-24 16:45:00,374.4231,374.6514,374.3238,374.6316,796024
2023-11-24 16:30:00,374.5621,374.6415,374.3238,374.5224,316
2023-11-24 16:15:00,374.4529,374.6216,374.3238,374.3238,1167
2023-11-24 16:00:00,374.6316,374.6514,374.4430,374.6117,923
2023-11-24 15:45:00,374.6216,374.7110,374.4231,374.7110,1493
2023-11-24 15:30:00,374.5025,374.6514,374.3339,374.6216,1702
2023-11-24 15:15:00,374.5720,374.6514,374.1501,374.5025,1886
2023-11-24 15:00:00,374.5373,374.6514,374.4231,374.5422,384
2023-11-24 14:45:00,374.5124,374.6514,374.2345,374.4727,1216
2023-11-24 14:30:00,374.6216,374.7209,373.2320,374.4231,3256
2023-11-24 14:15:00,374.7308,394.9650,363.1850,374.6216,2183
2023-11-24 14:00:00,374.6712,378.5545,374.6514,374.7110,2862
2023-11-24 13:45:00,374.6713,374.7705,374.4430,374.6713,4116
2023-11-24 13:30:00,374.7209,374.7209,374.6514,374.6514,8532
2023-11-24 13:15:00,374.6514,374.8102,374.6514,374.7110,5625
2023-11-24 13:00:00,374.6514,375.1974,373.8685,374.6812,3934551
2023-11-24 12:45:00,373.4603,374.7209,373.4603,374.5423,784099
2023-11-24 12:30:00,373.9864,374.0348,373.4603,373.4603,272349
2023-11-24 12:15:00,373.8672,374.0757,373.5992,373.9963,299492
2023-11-24 12:00:00,373.7322,373.9838,373.5694,373.8741,356531
2023-11-24 11:45:00,373.3114,373.9367,373.3114,373.7382,419506
2023-11-24 11:30:00,373.3213,373.4503,372.8647,373.3114,335850
2023-11-24 11:15:00,372.8448,373.3709,372.8250,373.3411,411460
2023-11-24 11:00:00,373.0235,373.2419,372.6165,372.8349,462086
2023-11-24 10:45:00,373.1079,373.2617,372.3733,373.0185,518971
2023-11-24 10:30:00,373.2022,373.6765,373.0831,373.1128,520391
2023-11-24 10:15:00,373.7332,373.9764,373.1426,373.2220,700802
2023-11-24 10:00:00,374.9889,375.1180,373.6886,373.7084,516069
2023-11-24 09:45:00,373.8523,375.0485,373.8077,374.9591,717344
2023-11-24 09:30:00,374.5522,375.1874,373.6191,373.8077,1315249
2023-11-24 09:15:00,374.2544,374.6216,374.0856,374.4529,16883
2023-11-24 09:00:00,374.5323,376.3191,374.2345,374.2643,16057
2023-11-24 08:45:00,374.9095,375.1378,374.4926,374.5224,17385
2023-11-24 08:30:00,375.1279,375.2172,374.4926,374.9095,17970
2023-11-24 08:15:00,375.2073,375.2172,375.0882,375.1180,6202
2023-11-24 08:00:00,375.9617,377.0040,375.0385,375.1378,52060
2023-11-24 07:45:00,375.7135,375.8624,375.6540,375.7830,1850
2023-11-24 07:30:00,375.7930,375.9021,375.5646,375.8525,4856
2023-11-24 07:15:00,375.7632,375.9518,375.6738,375.7632,14146
2023-11-24 07:00:00,375.8128,376.0113,375.7036,375.7632,6937
2023-11-24 06:45:00,376.0510,376.0709,375.7731,375.8128,1074
2023-11-24 06:30:00,375.6937,376.0610,375.5646,375.9418,1608
2023-11-24 06:15:00,375.6838,375.8426,375.4555,375.7235,360
2023-11-24 06:00:00,375.7830,376.1205,375.3661,375.6838,2366
2023-11-24 05:45:00,375.3661,375.9816,375.3562,375.7632,1242
2023-11-24 05:30:00,375.5845,375.5845,375.2470,375.2966,2641
2023-11-24 05:15:00,375.9518,375.9617,375.4852,375.5646,1829
2023-11-24 05:00:00,375.9617,376.1106,375.7731,375.8327,1663
2023-11-24 04:45:00,376.2992,376.3389,375.9518,375.9518,1581
2023-11-24 04:30:00,376.3588,376.3588,376.1106,376.2992,2079
2023-11-24 04:15:00,375.8922,376.5970,375.6937,376.3687,5632
2023-11-24 04:00:00,375.2172,375.9121,374.9194,375.8922,4327
2023-11-22 19:45:00,375.0385,375.1676,375.0187,375.1180,2592
2023-11-22 19:30:00,375.0882,375.0981,375.0385,375.0683,708
2023-11-22 19:15:00,375.1577,375.1775,375.0187,375.0981,1840
2023-11-22 19:00:00,375.0385,375.2172,375.0187,375.1477,1202
2023-11-22 18:45:00,375.0187,375.2073,375.0187,375.0385,4786
2023-11-22 18:30:00,375.0485,375.0683,375.0187,375.0683,1411
2023-11-22 18:15:00,375.0584,375.0683,375.0187,375.0485,3077
2023-11-22 18:00:00,374.7308,375.1080,374.7209,375.0683,3274
2023-11-22 17:45:00,374.8202,374.9194,374.6216,374.7225,698
2023-11-22 17:30:00,374.8499,374.9194,374.5720,374.8499,3297
2023-11-22 17:15:00,374.8003,374.9194,374.5720,374.5720,2517
2023-11-22 17:00:00,374.8400,397.6777,361.3808,374.8003,3659
2023-11-22 16:45:00,374.9194,375.0683,374.8202,374.8301,4948
2023-11-22 16:30:00,375.1180,375.1477,374.5919,374.8202,11869
2023-11-22 16:15:00,375.0683,375.2172,374.9889,375.0683,8070
2023-11-22 16:00:00,375.0981,375.0981,374.8102,375.0584,5564426
2023-11-22 15:45:00,374.8996,375.5051,374.8797,375.0981,1080616
2023-11-22 15:30:00,375.1576,375.3463,374.8220,374.8995,538034
2023-11-22 15:15:00,375.0485,375.2172,374.7110,375.1676,399761
2023-11-22 15:00:00,375.1676,375.2245,374.7507,374.9988,418019
2023-11-22 14:45:00,374.8698,375.3264,374.4430,375.1726,517136
2023-11-22 14:30:00,375.8624,375.8918,374.0757,374.8656,617487
2023-11-22 14:15:00,375.6143,375.9518,375.5448,375.9021,257807
2023-11-22 14:00:00,375.9816,376.1553,375.5001,375.5944,325477
2023-11-22 13:45:00,375.9567,376.1801,375.8128,375.9915,325723
2023-11-22 13:30:00,376.1205,376.3687,375.8575,375.9613,444199
2023-11-22 13:15:00,376.3191,376.3439,375.8029,376.0610,519079
2023-11-22 13:00:00,375.6093,376.4282,375.5547,376.3290,563869
2023-11-22 12:45:00,375.3760,375.8128,375.2271,375.6144,489542
2023-11-22 12:30:00,375.9021,375.9716,375.2669,375.3706,472399
2023-11-22 12:15:00,375.6242,376.2099,375.5547,375.8873,439192
2023-11-22 12:00:00,375.5845,376.1900,375.4952,375.6126,508303
2023-11-22 11:45:00,375.5845,375.7433,375.2966,375.5795,482675
2023-11-22 11:30:00,375.3760,375.7036,375.1279,375.5845,505016
2023-11-22 11:15:00,375.1279,375.3562,374.4430,375.3363,594201
2023-11-22 11:00:00,374.4132,375.5746,374.2544,375.1180,695383
2023-11-22 10:45:00,375.2569,375.4555,374.2345,374.4132,622578
2023-11-22 10:30:00,374.1948,375.5646,374.1750,375.2429,931081
2023-11-22 10:15:00,372.5867,374.6216,372.2046,374.1750,1059529
2023-11-22 10:00:00,374.1948,374.3735,372.5272,372.5867,1468975
2023-11-22 09:45:00,375.9915,376.4580,373.5397,374.2147,1674925
2023-11-22 09:30:00,375.2172,376.9939,374.7408,375.9418,3435542
2023-11-22 09:15:00,374.8301,375.2470,374.7209,375.1974,77986
2023-11-22 09:00:00,375.0981,375.7135,368.6857,374.8003,88938
2023-11-22 08:45:00,374.4926,375.1676,374.4033,375.1606,66729
2023-11-22 08:30:00,374.4628,374.6613,374.0757,374.4186,52454
2023-11-22 08:15:00,374.2345,374.5919,374.0558,374.5919,51904
2023-11-22 08:00:00,373.0731,374.9194,368.6658,374.1452,178943
2023-11-22 07:45:00,374.7209,374.8202,374.1055,374.1650,50410
2023-11-22 07:30:00,373.6290,374.8698,373.5297,374.7209,94128
2023-11-22 07:15:00,372.8746,373.9268,372.8349,373.6290,29665
2023-11-22 07:00:00,372.7356,372.9739,372.4875,372.8845,29792
2023-11-22 06:45:00,372.7853,372.8349,372.5967,372.8051,3838
2023-11-22 06:30:00,373.5198,373.5297,372.7058,372.7853,7257
2023-11-22 06:15:00,372.8746,373.3808,372.7853,373.3610,6824
2023-11-22 06:00:00,372.6364,373.1029,372.3684,372.7952,10018
2023-11-22 05:45:00,372.4378,372.7356,372.1202,372.6364,5455
2023-11-22 05:30:00,372.3386,372.5371,372.1202,372.4279,2559
2023-11-22 05:15:00,372.0904,372.4577,372.0904,372.4180,3034
2023-11-22 05:00:00,372.0011,372.2294,371.6437,372.0606,5350
2023-11-22 04:45:00,371.9316,372.1202,371.8919,371.9415,3049
2023-11-22 04:30:00,371.7827,371.9812,371.5445,371.8919,5641
2023-11-22 04:15:00,371.9415,371.9911,371.4551,371.7827,2326
2023-11-22 04:00:00,369.8272,372.0011,369.1621,371.9415,12185
2023-11-21 19:45:00,369.6584,370.7404,369.5592,370.7404,19429
2023-11-21 19:30:00,369.4103,369.7577,369.4103,369.6584,5644
2023-11-21 19:15:00,369.6982,369.7081,369.2912,369.4500,3369
2023-11-21 19:00:00,368.8643,369.7379,368.8643,369.4500,11103
2023-11-21 18:45:00,368.7651,369.0132,368.5665,368.6956,6289
2023-11-21 18:30:00,369.0033,369.0132,368.3680,368.7651,7036
2023-11-21 18:15:00,368.2390,368.7154,368.1695,368.6956,23362
2023-11-21 18:00:00,369.6287,369.7577,368.0702,368.1695,31130
2023-11-21 17:45:00,370.6511,370.7504,368.6088,369.8272,31881
2023-11-21 17:30:00,371.2367,371.2467,370.3235,370.6511,550798
2023-11-21 17:15:00,371.1970,372.1400,364.2443,371.2467,73808
2023-11-21 17:00:00,370.5816,371.2467,370.3235,371.1970,12297
2023-11-21 16:45:00,370.0654,370.6809,370.0654,370.6308,130349
2023-11-21 16:30:00,371.3459,371.6437,370.0059,370.2540,36747
2023-11-21 16:15:00,370.3235,371.9812,367.5838,371.7331,95717
2023-11-21 16:00:00,370.3434,370.4823,369.9855,370.3136,6442348
2023-11-21 15:45:00,369.8024,370.5022,369.7478,370.3334,1786767
2023-11-21 15:30:00,369.7081,369.9253,369.4978,369.7934,692947
2023-11-21 15:15:00,369.6982,369.9662,369.6583,369.7081,512508
2023-11-21 15:00:00,369.8173,370.3632,369.6530,369.6996,581284
2023-11-21 14:45:00,369.8967,370.2540,369.7081,369.8173,544402
2023-11-21 14:30:00,369.5641,369.9116,369.4301,369.8868,346509
2023-11-21 14:15:00,369.9066,370.2043,369.4203,369.5294,327269
2023-11-21 14:00:00,369.4004,369.8868,368.9835,369.8650,521296
2023-11-21 13:45:00,369.3524,369.8370,369.2713,369.3953,382712
2023-11-21 13:30:00,368.9636,369.4004,368.8445,369.3408,469309
2023-11-21 13:15:00,368.9040,369.0926,368.4077,368.9537,727108
2023-11-21 13:00:00,369.8371,369.8371,368.6857,368.9140,935255
2023-11-21 12:45:00,370.1448,370.2788,369.5632,369.8371,800351
2023-11-21 12:30:00,370.3632,370.7801,369.7182,370.1250,852005
2023-11-21 12:15:00,369.7379,370.4138,369.7081,370.3583,620405
2023-11-21 12:00:00,369.7279,369.7478,368.9040,369.7279,664169
2023-11-21 11:45:00,369.1026,369.7875,369.0827,369.6983,491971
2023-11-21 11:30:00,369.2912,369.3706,368.6777,369.0877,611773
2023-11-21 11:15:00,369.2425,369.6088,368.9239,369.3210,563977
2023-11-21 11:00:00,369.5046,369.7379,368.4871,369.2515,791286
2023-11-21 10:45:00,369.1026,369.9562,368.9835,369.5049,920712
2023-11-21 10:30:00,369.0132,369.5669,368.3879,369.1224,1161930
2023-11-21 10:15:00,371.3312,371.4651,368.7452,369.0033,1585158
2023-11-21 10:00:00,372.2492,372.4875,371.0978,371.3261,1015915
2023-11-21 09:45:00,373.2468,373.3014,372.1400,372.2542,1254992
2023-11-21 09:30:00,372.9044,373.4518,370.8000,373.2319,2535027
2023-11-21 09:15:00,372.1897,374.1551,372.0706,372.9242,103516
2023-11-21 09:00:00,371.7430,375.2271,368.6658,372.2195,65783
2023-11-21 08:45:00,371.7926,372.0507,371.3559,371.7430,41703
2023-11-21 08:30:00,372.1400,374.6613,371.4750,371.7529,47838
2023-11-21 08:15:00,372.4026,372.4279,371.8522,372.2294,42276
2023-11-21 08:00:00,372.7356,376.8751,371.9514,372.3386,861012
2023-11-21 07:45:00,373.3808,373.4205,372.5967,372.7356,22777
2023-11-21 07:30:00,373.0334,373.5297,373.0036,373.4106,28518
2023-11-21 07:15:00,374.4430,374.4430,373.0433,373.0433,42750
2023-11-21 07:00:00,374.7011,375.1180,374.2841,374.4529,20680
2023-11-21 06:45:00,375.7334,375.8922,374.1352,374.6415,22692
2023-11-21 06:30:00,375.9816,376.0014,375.6143,375.9021,6109
2023-11-21 06:15:00,376.3091,376.3091,375.8724,375.9816,5342
2023-11-21 06:00:00,376.2992,376.4084,376.0510,376.3091,4525
2023-11-21 05:45:00,376.8154,376.8650,376.1801,376.2099,3403
2023-11-21 05:30:00,376.5573,376.8749,376.5573,376.8253,2425
2023-11-21 05:15:00,376.3786,376.6863,376.1999,376.5374,3577
2023-11-21 05:00:00,376.0510,376.4282,375.9518,376.3786,3984
2023-11-21 04:45:00,376.1205,376.1702,375.7334,376.0510,3860
2023-11-21 04:30:00,376.0510,376.3091,376.0113,376.0808,4204
2023-11-21 04:15:00,375.5448,376.1801,375.4058,376.1404,7217
2023-11-21 04:00:00,376.0411,376.6565,375.4852,375.5150,8929
2023-11-20 19:45:00,375.4654,375.7136,375.2173,375.5150,18255
2023-11-20 19:30:00,375.5944,375.7632,375.4158,375.6838,5355
2023-11-20 19:15:00,375.7135,375.7632,375.4356,375.7135,4895
2023-11-20 19:00:00,375.7235,375.8426,375.5249,375.6143,6873
2023-11-20 18:45:00,375.8029,375.8525,375.5249,375.7136,7171
2023-11-20 18:30:00,375.6639,375.8128,375.2768,375.7927,10353
2023-11-20 18:15:00,375.5646,375.9121,375.4654,375.7632,7573
2023-11-20 18:00:00,375.5547,375.9121,375.2966,375.6838,23313
2023-11-20 17:45:00,374.9214,375.6044,374.9194,375.5746,32612
2023-11-20 17:30:00,374.9195,375.0088,374.9194,375.0088,7282
2023-11-20 17:15:00,374.8499,375.0683,374.6613,374.9194,9886
2023-11-20 17:00:00,374.6514,375.0683,374.6117,374.8499,22908
2023-11-20 16:45:00,374.4926,374.6613,374.4628,374.6514,1349706
2023-11-20 16:30:00,374.2742,374.6613,374.2345,374.4827,83668
2023-11-20 16:15:00,374.6613,374.6613,373.4550,374.3040,44544
2023-11-20 16:00:00,374.8599,374.9393,374.0062,374.1849,9480742
2023-11-20 15:45:00,375.0385,375.2669,374.4231,374.8301,2712175
2023-11-20 15:30:00,375.1874,375.4360,374.9988,375.0385,2098470
2023-11-20 15:15:00,375.7235,375.7432,375.1477,375.1874,1393464
2023-11-20 15:00:00,375.6341,376.0411,375.4852,375.7135,800354
2023-11-20 14:45:00,375.2669,376.0808,375.2669,375.6378,955136
2023-11-20 14:30:00,374.8996,375.3165,374.6514,375.2669,637666
2023-11-20 14:15:00,374.1948,375.1179,374.1028,374.8698,826219
2023-11-20 14:00:00,374.9591,375.3165,374.1056,374.2141,1075305
2023-11-20 13:45:00,375.3463,375.4058,374.8599,374.9492,685794
2023-11-20 13:30:00,375.7532,375.9716,375.3363,375.3760,797525
2023-11-20 13:15:00,375.3860,376.0213,374.9790,375.7532,1238856
2023-11-20 13:00:00,374.0161,375.4653,373.7779,375.3562,1485823
2023-11-20 12:45:00,374.3983,374.5124,373.5794,373.9864,829174
2023-11-20 12:30:00,373.9466,374.7507,373.8623,374.4033,1095524
2023-11-20 12:15:00,374.1005,374.2246,373.3213,373.9367,824064
2023-11-20 12:00:00,373.1525,374.2444,372.8150,374.0658,1314481
2023-11-20 11:45:00,373.4644,373.4644,372.2095,373.1394,1061965
2023-11-20 11:30:00,372.5867,373.9169,372.5566,373.4603,1370114
2023-11-20 11:15:00,371.5951,372.8250,371.5048,372.5818,1036004
2023-11-20 11:00:00,371.7430,372.1990,371.3360,371.5941,1045002
2023-11-20 10:45:00,370.1697,371.9018,369.9562,371.6884,1274103
2023-11-20 10:30:00,370.2143,372.8547,369.5294,370.1548,1178989
2023-11-20 10:15:00,369.8172,370.5022,369.0629,370.1882,1602077
2023-11-20 10:00:00,372.7604,372.8845,369.6089,369.7776,1859546
2023-11-20 09:45:00,371.6042,373.1327,368.4276,372.7505,3026968
2023-11-20 09:30:00,368.4871,374.3238,368.2688,371.6040,6862835
2023-11-20 09:15:00,366.7798,368.4177,366.3331,368.2886,348046
2023-11-20 09:00:00,369.0629,371.0283,364.3578,366.7798,593688
2023-11-20 08:45:00,368.3680,369.9860,368.2688,369.2018,271821
2023-11-20 08:30:00,369.2614,369.4004,367.9710,368.4177,306058
2023-11-20 08:15:00,370.8695,371.0084,367.1272,369.4202,2218463
2023-11-20 08:00:00,374.4976,376.7374,357.1413,370.9092,735866
2023-11-20 07:45:00,372.2592,372.2889,370.6511,370.9489,131619
2023-11-20 07:30:00,373.2617,373.7382,371.9614,372.2790,174297
2023-11-20 07:15:00,373.3312,374.5025,373.2319,373.2617,151180
2023-11-20 07:00:00,374.5323,374.6117,373.0334,373.3312,176768
2023-11-20 06:45:00,372.3783,375.2073,372.2294,374.5919,96960
2023-11-20 06:30:00,372.0507,372.5867,371.7628,372.3882,36118
2023-11-20 06:15:00,373.2319,373.2319,371.7430,372.0408,51030
2023-11-20 06:00:00,373.0334,373.4801,371.0084,373.2121,97999
2023-11-20 05:45:00,374.6216,374.7011,372.9639,373.2022,69777
2023-11-20 05:30:00,375.0584,375.1180,374.5522,374.6216,25676
2023-11-20 05:15:00,376.4977,376.5672,374.9194,375.0683,36043
2023-11-20 05:00:00,376.5573,376.6069,376.3588,376.5077,50165
2023-11-20 04:45:00,376.1106,376.6168,375.7334,376.5970,45427
2023-11-20 04:30:00,374.4926,376.7062,374.4926,376.1602,51932
2023-11-20 04:15:00,375.3760,375.6838,374.2345,374.3536,102900
2023-11-20 04:00:00,371.3162,377.2025,356.7244,375.4654,272231
2023-11-17 19:45:00,363.7622,363.8019,362.7100,363.5736,67880
2023-11-17 19:30:00,363.9111,364.0798,363.7423,363.7423,29568
2023-11-17 19:15:00,364.0004,364.0004,363.8118,363.9011,15051
2023-11-17 19:00:00,364.0699,364.0897,363.8118,364.0004,10917
2023-11-17 18:45:00,364.0699,364.1493,363.8515,364.0897,11996
2023-11-17 18:30:00,364.2982,364.2982,363.8614,364.0798,13790
2023-11-17 18:15:00,364.3776,364.4670,363.8515,364.2585,17039
2023-11-17 18:00:00,364.1994,364.4670,364.1493,364.3975,9913
2023-11-17 17:45:00,364.5166,364.5861,364.1791,364.2386,27319
2023-11-17 17:30:00,364.3081,364.7350,364.2982,364.5166,31756
2023-11-17 17:15:00,364.4967,364.7647,363.8217,364.3081,105284
2023-11-17 17:00:00,364.7071,367.1272,364.4173,364.5464,117001
2023-11-17 16:45:00,364.7945,367.1272,364.5761,364.7052,69428
2023-11-17 16:30:00,365.5986,367.1272,364.6556,364.7846,204069
2023-11-17 16:15:00,367.1272,367.1272,345.7557,365.6879,665444
2023-11-17 16:00:00,367.0577,367.4746,366.2934,367.0280,11292486
2023-11-17 15:45:00,365.6283,367.6434,364.5961,367.0677,5739749
2023-11-17 15:30:00,368.8346,368.9735,364.2982,365.6184,5431363
2023-11-17 15:15:00,369.9562,370.4426,368.5963,368.8445,1128191
2023-11-17 15:00:00,369.9066,370.0952,369.5890,369.9662,509288
2023-11-17 14:45:00,369.5989,369.9066,369.3507,369.9066,423085
2023-11-17 14:30:00,369.9463,370.0357,369.5195,369.6046,574835
2023-11-17 14:15:00,370.3781,370.6511,369.8619,369.9165,489318
2023-11-17 14:00:00,369.4847,370.5320,369.4798,370.3533,524148
2023-11-17 13:45:00,369.7577,369.7676,369.1224,369.4996,410754
2023-11-17 13:30:00,369.5195,370.0555,369.4995,369.7577,436824
2023-11-17 13:15:00,369.5890,369.7379,369.3210,369.5046,377058
2023-11-17 13:00:00,369.1621,369.6386,369.0331,369.6087,427734
2023-11-17 12:45:00,369.2664,369.3110,368.9239,369.1423,365478
2023-11-17 12:30:00,369.0629,369.3430,368.9735,369.2713,364590
2023-11-17 12:15:00,369.6535,369.6684,368.5368,369.0728,599623
2023-11-17 12:00:00,369.2800,369.9066,369.1324,369.6485,809814
2023-11-17 11:45:00,368.4226,369.3110,368.2092,369.3039,767151
2023-11-17 11:30:00,368.1993,368.4574,367.7724,368.4177,600469
2023-11-17 11:15:00,367.4945,368.2787,366.9684,368.1952,697186
2023-11-17 11:00:00,367.6235,367.7625,366.4919,367.4945,1066262
2023-11-17 10:45:00,367.8816,368.0936,367.2463,367.5699,967836
2023-11-17 10:30:00,368.6956,368.7105,367.8022,367.8816,823297
2023-11-17 10:15:00,368.2489,369.1383,367.8518,368.7254,1157392
2023-11-17 10:00:00,368.8147,368.9537,368.0702,368.2489,991522
2023-11-17 09:45:00,368.6112,369.3706,367.7164,368.8346,1680358
2023-11-17 09:30:00,370.8595,371.6139,368.4177,368.6162,4274463
2023-11-17 09:15:00,371.6834,373.4007,369.9165,371.0283,174673
2023-11-17 09:00:00,371.3162,373.4007,368.0752,371.6934,143458
2023-11-17 08:45:00,371.6934,371.6934,371.0184,371.3459,37424
2023-11-17 08:30:00,372.6860,372.7356,371.2467,371.6834,49435
2023-11-17 08:15:00,372.6463,372.7654,372.2691,372.6860,17207
2023-11-17 08:00:00,373.5794,375.0172,372.4016,372.6562,51705
2023-11-17 07:45:00,373.7382,373.7580,372.4478,372.7952,37202
2023-11-17 07:30:00,373.8077,373.8275,373.4702,373.7283,25050
2023-11-17 07:15:00,373.7283,373.8672,373.6191,373.8077,8369
2023-11-17 07:00:00,373.6389,373.8970,373.4801,373.7084,6223
2023-11-17 06:45:00,373.5099,373.6389,373.3213,373.5297,5482
2023-11-17 06:30:00,373.6191,373.8077,373.3312,373.4305,4539
2023-11-17 06:15:00,373.9069,374.1253,373.5198,373.6191,3438
2023-11-17 06:00:00,374.0658,374.1750,373.8474,373.8474,2258
2023-11-17 05:45:00,374.6613,374.7011,373.9268,374.0360,8581
2023-11-17 05:30:00,374.4330,374.7507,374.2147,374.6613,2288
2023-11-17 05:15:00,374.5819,374.6812,374.1948,374.2444,4913
2023-11-17 05:00:00,374.5025,374.6117,374.3040,374.5819,1977
2023-11-17 04:45:00,374.7904,374.8003,374.3040,374.4926,2668
2023-11-17 04:30:00,374.7805,374.8202,374.4827,374.7904,1681
2023-11-17 04:15:00,374.8499,374.9889,374.3735,374.8003,5312
2023-11-17 04:00:00,374.3238,375.0981,373.4404,374.8301,5627
2023-11-16 19:45:00,373.4404,373.5794,373.2816,373.4801,3896
2023-11-16 19:30:00,373.4305,373.5595,373.2419,373.4404,1035
2023-11-16 19:15:00,373.5198,373.5794,373.0136,373.4702,2807
2023-11-16 19:00:00,373.3610,373.5198,373.3213,373.4702,3326
2023-11-16 18:45:00,372.9937,373.4007,372.9838,373.4007,7001
2023-11-16 18:30:00,372.9342,373.0334,372.4875,372.9838,2623
2023-11-16 18:15:00,372.8845,373.0334,372.6463,372.6463,3418
2023-11-16 18:00:00,372.9639,373.2220,372.7356,372.7356,8835
2023-11-16 17:45:00,372.7356,373.3213,372.7356,372.9143,1802
2023-11-16 17:30:00,314.3465,373.5297,312.5612,373.0334,10863
2023-11-16 17:15:00,373.3411,373.5794,304.2689,373.2556,678110
2023-11-16 17:00:00,373.5297,373.5794,294.3179,294.3179,9327
2023-11-16 16:45:00,373.8275,373.9231,373.4801,373.5297,11059
2023-11-16 16:30:00,373.7084,373.9665,373.6389,373.8275,13085
2023-11-16 16:15:00,373.4305,373.7283,317.0089,373.6786,37106
2023-11-16 16:00:00,373.4007,373.7779,364.3478,373.4305,6996135
2023-11-16 15:45:00,372.7753,373.5794,372.6959,373.4305,2148785
2023-11-16 15:30:00,372.8547,373.3411,372.5669,372.7853,955672
2023-11-16 15:15:00,372.7158,372.9044,372.4479,372.8250,457647
2023-11-16 15:00:00,373.0533,373.1922,372.6891,372.7058,419975
2023-11-16 14:45:00,373.1354,373.3582,372.6364,373.0632,480115
2023-11-16 14:30:00,372.3783,373.1625,372.3485,373.1327,470327
2023-11-16 14:15:00,373.1724,373.2816,372.2840,372.3684,606163
2023-11-16 14:00:00,372.7058,373.4305,372.6075,373.1724,472426
2023-11-16 13:45:00,372.9937,373.0632,372.4180,372.7257,398358
2023-11-16 13:30:00,373.1327,373.5297,372.8448,373.0136,571777
2023-11-16 13:15:00,372.3088,373.1426,372.0656,373.1327,606377
2023-11-16 13:00:00,372.4229,372.7753,372.1202,372.3088,451984
2023-11-16 12:45:00,372.6463,372.7257,372.1748,372.4081,450771
2023-11-16 12:30:00,372.2889,372.8150,372.0507,372.6365,725106
2023-11-16 12:15:00,371.7976,372.4959,371.6239,372.3088,599458
2023-11-16 12:00:00,371.2764,372.1003,371.1673,371.8077,567045
2023-11-16 11:45:00,370.7603,371.4352,370.7404,371.2169,445014
2023-11-16 11:30:00,370.2540,370.7702,369.7974,370.7702,662797
2023-11-16 11:15:00,370.4426,370.6610,369.6684,370.2403,556345
2023-11-16 11:00:00,370.8992,370.8992,369.7081,370.4657,826443
2023-11-16 10:45:00,370.9141,371.6934,370.5121,370.8695,811086
2023-11-16 10:30:00,372.2195,372.4974,370.5220,370.8496,1106989
2023-11-16 10:15:00,372.3286,372.7744,371.6338,372.1797,933214
2023-11-16 10:00:00,372.6448,373.2419,372.0606,372.2989,1298664
2023-11-16 09:45:00,370.6015,373.3014,370.5961,372.6314,2204937
2023-11-16 09:30:00,368.2290,370.7603,367.4548,370.6412,2578178
2023-11-16 09:15:00,368.3879,368.7651,367.3555,368.1695,40712
2023-11-16 09:00:00,369.2018,369.3607,366.2140,368.3879,43401
2023-11-16 08:45:00,369.0132,369.4202,368.9676,369.2614,30863
2023-11-16 08:30:00,368.6658,369.0629,368.2688,369.0132,50688
2023-11-16 08:15:00,368.5765,369.0629,366.9485,368.4673,46441
2023-11-16 08:00:00,369.1125,369.9860,366.9485,368.6162,66191
2023-11-16 07:45:00,369.3110,369.6982,369.0331,369.0629,39692
2023-11-16 07:30:00,369.2018,369.6187,369.0926,369.2415,31161
2023-11-16 07:15:00,369.0430,369.2415,368.8147,369.2415,18242
2023-11-16 07:00:00,369.7974,369.9265,368.9537,369.1621,32651
2023-11-16 06:45:00,369.4996,369.8967,369.4698,369.8868,4470
2023-11-16 06:30:00,369.6386,369.6982,369.4599,369.4996,1887
2023-11-16 06:15:00,369.6386,369.6783,369.4202,369.5691,2122
2023-11-16 06:00:00,369.5592,369.6982,369.4798,369.5592,2808
2023-11-16 05:45:00,369.5592,369.7081,369.3706,369.5096,2696
2023-11-16 05:30:00,369.6485,369.6485,369.4202,369.5096,1227
2023-11-16 05:15:00,369.6982,369.7081,369.4599,369.7081,2658
2023-11-16 05:00:00,369.2217,369.7081,369.2018,369.6982,4916
2023-11-16 04:45:00,368.7651,369.2713,368.5765,369.2415,13784
2023-11-16 04:30:00,369.3210,369.3210,368.6956,368.9040,3960
2023-11-16 04:15:00,368.8643,369.5989,368.8147,369.2614,6351
2023-11-16 04:00:00,367.9809,368.8643,367.8221,368.8643,4719
2023-11-15 19:45:00,368.3680,368.5169,368.1993,368.5169,11260
2023-11-15 19:30:00,368.2787,368.4474,368.2290,368.3779,3896
2023-11-15 19:15:00,368.0702,368.5169,368.0702,368.2688,10879
2023-11-15 19:00:00,367.9710,368.2191,367.9710,368.0702,7282
2023-11-15 18:45:00,367.7526,368.0702,367.5044,367.9710,11341
2023-11-15 18:30:00,367.3456,367.7625,367.2761,367.5044,7230
2023-11-15 18:15:00,367.4548,367.5441,367.2761,367.5441,2661
2023-11-15 18:00:00,367.0478,367.4746,366.9982,367.2761,5141
2023-11-15 17:45:00,367.0776,367.1669,366.9485,366.9883,1607
2023-11-15 17:30:00,367.0478,379.7651,366.9485,366.9485,3003
2023-11-15 17:15:00,367.0379,369.5567,367.0379,367.0974,6003
2023-11-15 17:00:00,367.0180,367.1769,366.9485,367.1272,606222
2023-11-15 16:45:00,366.9883,367.1669,366.9188,367.0180,13722
2023-11-15 16:30:00,367.1371,367.3952,359.1812,367.0280,23879
2023-11-15 16:15:00,366.9485,367.1371,366.3842,367.1371,26452
2023-11-15 16:00:00,366.9585,367.5243,366.4820,366.7302,7872155
2023-11-15 15:45:00,367.2364,367.3456,366.5019,366.9485,2254410
2023-11-15 15:30:00,367.1769,367.5144,367.0478,367.2215,687542
2023-11-15 15:15:00,367.3257,367.4273,366.8493,367.1454,488751
2023-11-15 15:00:00,367.2265,367.6434,366.9287,367.3357,511910
2023-11-15 14:45:00,367.0280,367.2860,366.6508,367.2563,384054
2023-11-15 14:30:00,367.5739,367.6533,366.8493,366.9585,619781
2023-11-15 14:15:00,367.2960,367.5753,366.3827,367.5656,530645
2023-11-15 14:00:00,367.0478,367.5194,366.9386,367.2761,1444384
2023-11-15 13:45:00,366.7103,367.2761,366.5515,367.0478,405639
2023-11-15 13:30:00,365.9361,366.7202,365.6581,366.6805,542116
2023-11-15 13:15:00,364.7945,365.9640,364.4074,365.9640,713689
2023-11-15 13:00:00,365.3901,365.5191,364.5861,364.7846,765804
2023-11-15 12:45:00,365.5986,366.0552,365.3405,365.4000,501988
2023-11-15 12:30:00,366.5813,366.6110,365.5886,365.5986,584827
2023-11-15 12:15:00,366.4125,366.7202,365.9857,366.5713,466711
2023-11-15 12:00:00,366.5813,366.9485,366.1842,366.3976,585890
2023-11-15 11:45:00,367.3357,368.3085,366.3232,366.5912,814032
2023-11-15 11:30:00,367.5838,367.7625,366.9793,367.3059,509871
2023-11-15 11:15:00,367.0577,367.7526,366.9783,367.5640,724352
2023-11-15 11:00:00,366.9188,367.4250,365.7077,367.0280,1217775
2023-11-15 10:45:00,367.0081,367.7327,366.5912,366.8791,717450
2023-11-15 10:30:00,367.7948,367.8717,366.3232,366.9783,865494
2023-11-15 10:15:00,367.5987,368.7949,367.4548,367.7774,636603
2023-11-15 10:00:00,367.6533,368.0305,367.2761,367.6037,701352
2023-11-15 09:45:00,368.3879,368.8643,366.8989,367.6831,1201026
2023-11-15 09:30:00,368.5467,370.3831,367.6235,368.4028,2173663
2023-11-15 09:15:00,368.4077,369.0132,368.0206,368.5765,39099
2023-11-15 09:00:00,368.9140,369.1621,365.8169,368.3978,23205
2023-11-15 08:45:00,368.4772,369.1423,366.7997,368.9140,33095
2023-11-15 08:30:00,369.5592,370.7504,368.2688,368.4673,72959
2023-11-15 08:15:00,369.5393,369.7577,369.4202,369.7577,15220
2023-11-15 08:00:00,369.4897,370.0555,366.7897,369.5393,74045
2023-11-15 07:45:00,369.1820,369.6187,369.1026,369.5989,24255
2023-11-15 07:30:00,368.9835,369.4301,368.9239,369.1721,7612
2023-11-15 07:15:00,369.8073,369.9265,368.7849,369.0232,24680
2023-11-15 07:00:00,370.0059,370.1051,369.6088,369.7974,37598
2023-11-15 06:45:00,369.7577,370.0654,369.6485,370.0257,9882
2023-11-15 06:30:00,369.6684,369.7577,369.5592,369.7577,1883
2023-11-15 06:15:00,369.7279,369.7776,369.5096,369.6882,2626
2023-11-15 06:00:00,369.9066,369.9463,369.5294,369.7776,4263
2023-11-15 05:45:00,369.4897,370.0158,369.4897,369.9165,2395
2023-11-15 05:30:00,369.0728,369.6485,369.0728,369.5592,4498
2023-11-15 05:15:00,368.9040,369.2515,368.9040,369.0926,1848
2023-11-15 05:00:00,368.7254,369.0331,368.6559,369.0232,1561
2023-11-15 04:45:00,368.5864,368.7551,368.5070,368.7254,2487
2023-11-15 04:30:00,368.7452,368.7651,368.4772,368.7055,3550
2023-11-15 04:15:00,369.1324,369.1820,368.6658,368.7651,15422
2023-11-15 04:00:00,369.3904,369.3904,368.1794,369.0430,7457
2023-11-14 19:45:00,367.5033,367.6420,367.2755,367.5231,3160
2023-11-14 19:30:00,367.4042,367.5925,367.1764,367.3745,2880
2023-11-14 19:15:00,367.3250,367.6123,367.0773,367.3646,2111
2023-11-14 19:00:00,367.5726,367.6618,367.0773,367.0773,4311
2023-11-14 18:45:00,367.6321,367.6618,367.5726,367.5726,3797
2023-11-14 18:30:00,367.0773,367.6618,367.0278,367.6420,7105
2023-11-14 18:15:00,367.7609,367.8104,367.0278,367.0377,12912
2023-11-14 18:00:00,367.7609,367.9491,367.6717,367.6717,3452
2023-11-14 17:45:00,367.7708,367.9590,363.0950,367.7609,4079
2023-11-14 17:30:00,367.6222,367.8203,366.8000,367.6222,802003
2023-11-14 17:15:00,367.2483,381.3246,367.2457,367.7113,10209
2023-11-14 17:00:00,367.2358,381.3246,367.1764,367.3151,4932
2023-11-14 16:45:00,367.2854,367.4736,367.1764,367.2953,5555
2023-11-14 16:30:00,367.1170,367.4736,367.0971,367.2854,13747
2023-11-14 16:15:00,367.1269,367.2358,364.1847,367.1070,36674
2023-11-14 16:00:00,366.8297,367.7113,366.4879,367.1269,8261514
2023-11-14 15:45:00,367.6717,367.8500,366.2353,366.7900,2225340
2023-11-14 15:30:00,367.3844,367.6915,367.2755,367.6816,1031741
2023-11-14 15:15:00,367.4934,367.5528,367.0674,367.3844,901045
2023-11-14 15:00:00,366.7900,367.5429,366.6216,367.5131,777536
2023-11-14 14:45:00,365.8787,366.8891,365.8390,366.8049,642538
2023-11-14 14:30:00,365.7202,366.1559,365.7202,365.8886,495272
2023-11-14 14:15:00,365.0267,365.7697,364.9575,365.6706,529757
2023-11-14 14:00:00,364.9474,365.0961,363.9028,365.0465,1077672
2023-11-14 13:45:00,365.5914,365.7994,364.9277,364.9376,758566
2023-11-14 13:30:00,366.8000,366.9981,365.5121,365.6013,559806
2023-11-14 13:15:00,366.5622,366.8891,366.5524,366.7702,342341
2023-11-14 13:00:00,366.4433,366.8791,366.2947,366.5325,389480
2023-11-14 12:45:00,366.2056,366.5721,366.0718,366.4334,497661
2023-11-14 12:30:00,365.8489,366.2650,365.6013,366.2105,421722
2023-11-14 12:15:00,365.5319,366.4334,365.5072,365.8291,466018
2023-11-14 12:00:00,365.2348,366.0471,365.0069,365.5617,1064873
2023-11-14 11:45:00,367.1368,367.4137,365.1555,365.2348,1283439
2023-11-14 11:30:00,367.3646,367.4736,366.7900,367.1764,482769
2023-11-14 11:15:00,367.9986,368.0382,367.1863,367.3151,410081
2023-11-14 11:00:00,367.2655,368.1570,367.1467,368.0052,505376
2023-11-14 10:45:00,368.0977,368.4048,366.9882,367.2755,605014
2023-11-14 10:30:00,367.6618,368.3651,367.6568,368.0878,632530
2023-11-14 10:15:00,367.5083,367.9194,366.8396,367.6222,802949
2023-11-14 10:00:00,367.4439,368.4642,367.2556,367.5429,1130196
2023-11-14 09:45:00,367.7262,367.9689,366.8315,367.4240,1172676
2023-11-14 09:30:00,367.5330,368.1967,365.8589,367.7410,2522161
2023-11-14 09:15:00,368.4147,369.1180,367.5231,367.5429,141965
2023-11-14 09:00:00,368.4543,368.6227,363.1049,368.4345,58702
2023-11-14 08:45:00,367.5762,368.9100,367.5762,368.4345,78477
2023-11-14 08:30:00,364.1550,369.5539,363.7389,367.8599,200410
2023-11-14 08:15:00,363.9474,364.3234,363.8776,364.2739,8922
2023-11-14 08:00:00,364.0559,364.8353,363.2436,363.9568,26217
2023-11-14 07:45:00,363.5012,363.7389,363.2535,363.7389,11447
2023-11-14 07:30:00,363.9469,363.9767,363.4615,363.5012,9447
2023-11-14 07:15:00,364.0262,364.0460,363.9073,363.9469,2379
2023-11-14 07:00:00,364.0262,364.2045,363.7884,363.9668,4056
2023-11-14 06:45:00,364.0559,364.0559,363.8083,363.8083,4769
2023-11-14 06:30:00,364.0163,364.0856,363.8083,364.0559,1843
2023-11-14 06:15:00,363.9568,364.1550,363.8578,364.0064,1945
2023-11-14 06:00:00,364.3531,364.4522,363.9073,363.9668,5005
2023-11-14 05:45:00,364.2045,364.5512,364.1946,364.4423,3082
2023-11-14 05:30:00,364.7394,364.7494,364.1748,364.1748,1608
2023-11-14 05:15:00,364.3531,364.7394,364.2639,364.7394,2516
2023-11-14 05:00:00,364.3432,364.3531,364.2342,364.3531,869
2023-11-14 04:45:00,364.5710,364.8286,364.3036,364.3234,4471
2023-11-14 04:30:00,364.6899,364.7989,364.4621,364.6008,3668
2023-11-14 04:15:00,364.7394,365.0465,364.6206,364.7890,3744
2023-11-14 04:00:00,364.5512,364.8484,364.3531,364.7295,3654
2023-11-13 19:45:00,364.2540,364.5017,363.8083,364.5017,9444
2023-11-13 19:30:00,363.7092,364.5116,363.5903,364.1550,11876
2023-11-13 19:15:00,363.5408,363.7389,363.4615,363.7092,4687
2023-11-13 19:00:00,363.4120,363.5507,363.3625,363.5408,2257
2023-11-13 18:45:00,363.5507,363.5507,363.3625,363.4120,1985
2023-11-13 18:30:00,363.5507,363.5507,363.3625,363.5507,323
2023-11-13 18:15:00,363.5111,363.5606,363.3228,363.5507,1499
2023-11-13 18:00:00,363.4516,363.5606,363.3228,363.3328,1250
2023-11-13 17:45:00,363.5507,363.5606,363.4417,363.5012,524
2023-11-13 17:30:00,363.4318,378.2335,363.4318,363.5606,2014
2023-11-13 17:15:00,363.3724,378.2335,363.3724,363.4813,4147
2023-11-13 17:00:00,363.4021,363.4417,363.3541,363.4219,1743
2023-11-13 16:45:00,363.3625,363.4219,363.3129,363.4120,2473
2023-11-13 16:30:00,363.3129,363.3724,363.2832,363.3129,4299
2023-11-13 16:15:00,363.2436,363.3526,357.2602,363.2535,6513
2023-11-13 16:00:00,363.2337,363.3129,363.1247,363.2139,5057406
2023-11-13 15:45:00,363.3030,363.6753,362.8672,363.2238,1613655
2023-11-13 15:30:00,363.2634,363.5111,362.9365,363.2733,751484
2023-11-13 15:15:00,363.8479,364.1946,363.2040,363.2535,915883
2023-11-13 15:00:00,364.0262,364.0361,363.7191,363.8578,473180
2023-11-13 14:45:00,364.1054,364.1550,363.7389,364.0064,405654
2023-11-13 14:30:00,364.0856,364.1847,363.6696,364.0856,456754
2023-11-13 14:15:00,364.2243,364.3779,364.0064,364.0757,434012
2023-11-13 14:00:00,364.0064,364.2739,363.8578,364.2243,301773
2023-11-13 13:45:00,364.4274,364.5611,363.9568,364.0163,307880
2023-11-13 13:30:00,363.7686,364.5512,363.4851,364.4373,337535
2023-11-13 13:15:00,363.9568,364.0856,363.5507,363.7411,320348
2023-11-13 13:00:00,364.1253,364.1253,363.6530,363.9568,243529
2023-11-13 12:45:00,363.8577,364.2194,363.5606,364.1202,243623
2023-11-13 12:30:00,363.9269,364.0955,363.6493,363.8677,292711
2023-11-13 12:15:00,363.8380,364.0757,363.4913,363.9169,394973
2023-11-13 12:00:00,363.9816,364.4125,363.6398,363.8528,482453
2023-11-13 11:45:00,364.2937,364.6107,363.7884,363.9278,435424
2023-11-13 11:30:00,364.5215,364.7494,364.1253,364.3531,734981
2023-11-13 11:15:00,364.7494,364.8187,364.1848,364.5512,531917
2023-11-13 11:00:00,364.3120,364.9079,364.0658,364.7494,567907
2023-11-13 10:45:00,363.9866,364.5909,363.7686,364.3135,683135
2023-11-13 10:30:00,363.0356,364.3184,362.9167,364.0262,862565
2023-11-13 10:15:00,363.3625,363.6498,362.6789,363.0653,859715
2023-11-13 10:00:00,363.1544,363.7191,362.9068,363.3966,971429
2023-11-13 09:45:00,363.1693,363.6795,362.4709,363.0950,1125184
2023-11-13 09:30:00,364.7692,365.0168,363.0158,363.1382,2077809
2023-11-13 09:15:00,364.6897,365.3338,364.3036,364.5512,37229
2023-11-13 09:00:00,364.5116,364.8187,360.2469,364.5592,20173
2023-11-13 08:45:00,364.7791,364.8979,364.3531,364.5413,22597
2023-11-13 08:30:00,365.5121,365.6409,364.6107,364.7295,26447
2023-11-13 08:15:00,365.4824,365.5617,365.4230,365.5121,18394
2023-11-13 08:00:00,366.0867,366.4730,364.1550,365.4923,42042
2023-11-13 07:45:00,365.2249,365.2447,364.8484,365.2050,6463
2023-11-13 07:30:00,365.2942,365.4626,365.1060,365.2149,13075
2023-11-13 07:15:00,365.3536,365.5121,365.1060,365.2942,13522
2023-11-13 07:00:00,366.0966,366.3245,365.1258,365.3536,24039
2023-11-13 06:45:00,365.9480,366.1957,365.7499,366.0570,1369
2023-11-13 06:30:00,365.9282,366.0966,365.7400,365.9480,2268
2023-11-13 06:15:00,366.1560,366.3145,365.8589,366.0273,2243
2023-11-13 06:00:00,366.4334,366.4433,366.0570,366.3344,3068
2023-11-13 05:45:00,366.2056,366.4631,365.9282,366.4136,1833
2023-11-13 05:30:00,365.7499,366.2353,365.7499,366.2056,4853
2023-11-13 05:15:00,365.9678,365.9678,365.7400,365.8390,2939
2023-11-13 05:00:00,366.0174,366.0174,365.7994,365.8390,2537
2023-11-13 04:45:00,366.1461,366.3740,365.9480,366.0372,4284
2023-11-13 04:30:00,365.9777,366.0867,365.8291,366.0768,1374
2023-11-13 04:15:00,365.5419,366.2650,365.4032,365.9480,3657
2023-11-13 04:00:00,365.5220,366.2056,364.5512,365.5419,7298
2023-11-10 19:45:00,365.8093,365.9381,365.8093,365.9282,3848
2023-11-10 19:30:00,365.8093,365.9282,365.7400,365.7400,1546
2023-11-10 19:15:00,365.7598,366.0372,365.6904,365.7895,4203
2023-11-10 19:00:00,365.6607,365.9579,365.6607,365.6904,3395
2023-11-10 18:45:00,365.5914,365.8390,365.5914,365.6706,3174
2023-11-10 18:30:00,365.6706,365.8390,365.6706,365.6706,1880
2023-11-10 18:15:00,365.6607,365.7598,365.5518,365.6706,3302
2023-11-10 18:00:00,365.5617,365.6706,365.5518,365.6607,6016
2023-11-10 17:45:00,365.4725,365.7400,365.4725,365.5617,2637
2023-11-10 17:30:00,365.6310,365.7598,365.4725,365.6409,2846
2023-11-10 17:15:00,365.7499,366.2056,365.4856,365.5419,832989
2023-11-10 17:00:00,357.3097,365.9282,357.3097,365.8589,7827
2023-11-10 16:45:00,365.9381,366.2056,365.6409,365.8390,283943
2023-11-10 16:30:00,366.4235,366.5226,365.9084,365.9777,13263
2023-11-10 16:15:00,366.2056,366.4929,366.2056,366.3938,46369
2023-11-10 16:00:00,366.1957,366.4334,365.9495,366.3344,11144322
2023-11-10 15:45:00,366.1957,366.6315,365.8688,366.0570,2321502
2023-11-10 15:30:00,365.8886,366.2056,365.6508,366.1858,896287
2023-11-10 15:15:00,365.3933,365.9975,365.2050,365.8985,661634
2023-11-10 15:00:00,365.3536,365.6607,365.2546,365.3982,464737
2023-11-10 14:45:00,365.7301,365.9876,365.3536,365.3834,535911
2023-11-10 14:30:00,365.7697,366.0669,365.3734,365.7301,630601
2023-11-10 14:15:00,365.7004,365.8589,365.5319,365.7285,439723
2023-11-10 14:00:00,365.6706,365.8886,365.3635,365.7202,490982
2023-11-10 13:45:00,365.8093,365.8688,365.5106,365.6805,453133
2023-11-10 13:30:00,365.0069,365.9084,365.0069,365.8242,616703
2023-11-10 13:15:00,364.2045,365.2447,364.1054,364.9673,495307
2023-11-10 13:00:00,364.7791,364.8682,364.0559,364.2243,412218
2023-11-10 12:45:00,365.1159,365.3437,364.7097,364.7608,424064
2023-11-10 12:30:00,363.9370,365.3140,363.9043,365.1159,673856
2023-11-10 12:15:00,364.1946,364.6404,363.8419,363.8677,543358
2023-11-10 12:00:00,363.5358,364.5017,363.4120,364.1847,697421
2023-11-10 11:45:00,363.5128,363.6894,363.2238,363.5210,486518
2023-11-10 11:30:00,363.3625,363.5606,362.6443,363.5111,609519
2023-11-10 11:15:00,363.5804,363.9368,363.0851,363.3476,943306
2023-11-10 11:00:00,361.7874,363.6894,361.7874,363.5453,1327394
2023-11-10 10:45:00,361.2822,361.7874,360.8265,361.7676,741478
2023-11-10 10:30:00,360.4104,361.3317,360.2767,361.2722,564160
2023-11-10 10:15:00,360.9453,361.0741,360.1925,360.3708,652848
2023-11-10 10:00:00,360.4797,361.1831,359.6872,360.9157,855362
2023-11-10 09:45:00,360.4996,360.8958,360.0342,360.5095,881978
2023-11-10 09:30:00,358.1022,360.5887,357.6862,360.4748,1729146
2023-11-10 09:15:00,359.0830,359.1028,357.3097,358.4589,612081
2023-11-10 09:00:00,358.3598,359.0929,350.4767,359.0334,20518
2023-11-10 08:45:00,357.9635,358.3895,357.7357,358.3598,28705
2023-11-10 08:30:00,357.8645,357.9635,357.5178,357.9635,17076
2023-11-10 08:15:00,357.4583,357.9140,357.3295,357.8290,21059
2023-11-10 08:00:00,357.0225,357.8249,356.1309,357.5178,39857
2023-11-10 07:45:00,357.3097,357.3196,356.9333,357.2800,15823
2023-11-10 07:30:00,357.1215,357.3196,356.9432,357.3196,22235
2023-11-10 07:15:00,356.9729,357.1215,356.7748,357.1215,7807
2023-11-10 07:00:00,357.0324,357.2800,356.6559,357.1215,12633
2023-11-10 06:45:00,356.4875,357.1017,356.4875,357.0720,2714
2023-11-10 06:30:00,356.3984,356.4875,356.3191,356.4776,5900
2023-11-10 06:15:00,356.2993,356.5767,356.2299,356.3984,993
2023-11-10 06:00:00,356.7054,356.7352,356.2299,356.2299,2293
2023-11-10 05:45:00,356.7847,356.9036,356.4875,356.7352,2685
2023-11-10 05:30:00,356.6262,356.9036,356.4776,356.7847,2352
2023-11-10 05:15:00,356.6856,356.8540,356.5370,356.6262,302
2023-11-10 05:00:00,356.7451,356.8640,356.4776,356.8243,3256
2023-11-10 04:45:00,356.9432,356.9927,356.6658,356.7352,6261
2023-11-10 04:30:00,356.6658,356.9630,356.2894,356.9630,4074
2023-11-10 04:15:00,357.4187,357.4980,356.6163,356.6856,3699
2023-11-10 04:00:00,357.6069,357.9735,356.3984,357.4187,7645
2023-11-09 19:45:00,356.6261,357.1215,356.3984,356.3984,4252
2023-11-09 19:30:00,356.6856,356.6856,356.3984,356.4479,3566
2023-11-09 19:15:00,356.4875,356.6856,356.4776,356.6757,3099
2023-11-09 19:00:00,356.8045,357.0225,356.3290,356.4776,4444
2023-11-09 18:45:00,356.6757,357.0225,356.5271,356.7272,3152
2023-11-09 18:30:00,356.8243,356.9234,356.3984,356.6262,2277
2023-11-09 18:15:00,357.1215,357.1810,356.3191,356.9234,22463
2023-11-09 18:00:00,357.3295,357.7357,357.2206,357.2206,4774
2023-11-09 17:45:00,357.4187,357.6168,357.3196,357.3196,4646
2023-11-09 17:30:00,357.9536,362.4496,357.3692,357.3692,4527
2023-11-09 17:15:00,357.9561,377.7880,357.7357,357.9536,2540
2023-11-09 17:00:00,357.6763,357.9621,357.6267,357.9621,3342
2023-11-09 16:45:00,357.8050,358.0230,357.3097,357.6664,867319
2023-11-09 16:30:00,357.7159,358.2409,357.3097,357.8249,99054
2023-11-09 16:15:00,357.3097,357.9239,357.3097,357.6168,38595
2023-11-09 16:00:00,357.3989,359.0445,357.1314,357.4286,9020032
2023-11-09 15:45:00,357.5475,357.9041,356.9848,357.3989,1589046
2023-11-09 15:30:00,357.8348,358.0824,357.4386,357.5475,491382
2023-11-09 15:15:00,358.1518,358.3697,357.7951,357.8348,410510
2023-11-09 15:00:00,357.8150,358.4589,357.2998,358.1716,540042
2023-11-09 14:45:00,358.0230,358.5943,357.7258,357.8546,422150
2023-11-09 14:30:00,358.8254,359.1325,357.8050,358.0230,430373
2023-11-09 14:15:00,358.4787,359.1325,357.8249,358.8551,508769
2023-11-09 14:00:00,359.4792,359.4792,358.1914,358.4589,608368
2023-11-09 13:45:00,359.1820,359.7962,359.0869,359.5209,344422
2023-11-09 13:30:00,359.6079,360.2024,359.0054,359.1523,439103
2023-11-09 13:15:00,358.8551,359.9448,358.4737,359.6080,458220
2023-11-09 13:00:00,360.0514,360.1330,357.7258,358.8799,883354
2023-11-09 12:45:00,359.8061,360.2729,359.7258,360.1033,386726
2023-11-09 12:30:00,360.4302,360.8067,359.6971,359.7962,434320
2023-11-09 12:15:00,360.3411,360.4896,359.7368,360.4500,446407
2023-11-09 12:00:00,360.8265,360.8265,360.1556,360.3510,457727
2023-11-09 11:45:00,360.3658,361.3713,360.3361,360.7868,910811
2023-11-09 11:30:00,359.8556,360.4500,359.6503,360.3547,447260
2023-11-09 11:15:00,359.9829,360.2816,359.6480,359.8754,450439
2023-11-09 11:00:00,359.1771,360.0934,359.1226,359.9758,527903
2023-11-09 10:45:00,359.0532,359.3108,358.6966,359.1721,488826
2023-11-09 10:30:00,358.0230,359.1028,357.9437,359.0731,573530
2023-11-09 10:15:00,359.1127,359.2116,358.0230,358.0577,560527
2023-11-09 10:00:00,359.9646,360.1429,358.1518,359.1119,953407
2023-11-09 09:45:00,359.4990,360.2024,359.0532,359.9448,908859
2023-11-09 09:30:00,358.9046,359.9448,358.2409,359.5187,1817345
2023-11-09 09:15:00,360.1726,360.3609,358.4291,358.6669,59507
2023-11-09 09:00:00,360.1033,360.3113,359.8358,360.2717,6492
2023-11-09 08:45:00,360.0042,360.2321,358.2954,360.0934,10282
2023-11-09 08:30:00,360.1033,360.2321,359.5188,359.9349,16738
2023-11-09 08:15:00,360.3906,360.7597,360.0439,360.0439,22706
2023-11-09 08:00:00,359.3301,360.6977,359.0136,360.4401,1285291
2023-11-09 07:45:00,359.8457,360.4203,359.8457,360.0241,13525
2023-11-09 07:30:00,359.6476,360.0835,359.5783,359.9250,7439
2023-11-09 07:15:00,359.7962,359.9745,359.5386,359.6476,11212
2023-11-09 07:00:00,359.1820,359.7962,359.1820,359.7962,9148
2023-11-09 06:45:00,359.3603,359.4396,359.1424,359.2117,2873
2023-11-09 06:30:00,359.3504,359.5981,359.3009,359.5386,1033
2023-11-09 06:15:00,359.7764,359.8160,359.3009,359.3108,4700
2023-11-09 06:00:00,360.0340,360.0934,359.6377,359.7764,2495
2023-11-09 05:45:00,359.9250,360.0934,359.9151,359.9943,723
2023-11-09 05:30:00,359.6476,360.0637,359.6476,359.8953,1661
2023-11-09 05:15:00,359.7665,359.7863,359.6377,359.6476,623
2023-11-09 05:00:00,359.7368,359.8656,359.6773,359.7665,891
2023-11-09 04:45:00,359.6476,359.7665,359.4990,359.7467,1291
2023-11-09 04:30:00,359.5981,359.7170,359.5783,359.5981,3542
2023-11-09 04:15:00,359.5486,359.6476,359.3009,359.5882,4869
2023-11-09 04:00:00,359.7962,359.9250,359.0929,359.4792,3644
2023-11-08 19:45:00,359.3207,359.4990,359.3009,359.4990,2686
2023-11-08 19:30:00,359.4891,359.5585,359.3108,359.3504,3232
2023-11-08 19:15:00,359.3603,359.4990,359.3009,359.4396,2675
2023-11-08 19:00:00,359.5585,359.5981,359.2117,359.4099,1957
2023-11-08 18:45:00,359.4000,359.5981,359.2117,359.5981,5664
2023-11-08 18:30:00,359.2018,359.5783,359.2018,359.5783,1649
2023-11-08 18:15:00,359.2117,359.5486,359.1028,359.2018,1991
2023-11-08 18:00:00,359.6179,359.7863,359.1127,359.6872,17296
2023-11-08 17:45:00,359.7566,359.7962,359.4495,359.6080,909
2023-11-08 17:30:00,359.5981,359.7962,359.3603,359.7566,593668
2023-11-08 17:15:00,359.7863,360.6491,359.3603,359.6971,375904
2023-11-08 17:00:00,357.1512,359.8457,357.1512,359.7962,2298
2023-11-08 16:45:00,359.8556,359.9052,359.6971,359.6986,10387
2023-11-08 16:30:00,359.9646,360.0934,359.8556,359.8556,14188
2023-11-08 16:15:00,359.7962,360.0736,359.6872,359.9844,53057
2023-11-08 16:00:00,359.8259,359.8953,359.3603,359.7434,8879880
2023-11-08 15:45:00,359.0037,359.9349,358.8551,359.8259,1638016
2023-11-08 15:30:00,358.1617,359.1622,358.0032,359.0215,1157388
2023-11-08 15:15:00,358.7461,358.8650,358.0834,358.1518,641405
2023-11-08 15:00:00,358.5876,358.8947,358.5579,358.7461,528570
2023-11-08 14:45:00,359.4198,359.4990,358.5084,358.5777,1672912
2023-11-08 14:30:00,359.7863,359.8358,359.1374,359.4396,533414
2023-11-08 14:15:00,359.6971,359.8854,359.5568,359.7863,245834
2023-11-08 14:00:00,359.4198,359.9052,359.2216,359.6872,351671
2023-11-08 13:45:00,359.7071,359.7417,359.2117,359.4099,263808
2023-11-08 13:30:00,359.5931,359.8259,358.5881,359.6872,358896
2023-11-08 13:15:00,359.4000,359.5981,358.3994,359.5684,374842
2023-11-08 13:00:00,358.8716,359.4891,358.6976,359.4049,480858
2023-11-08 12:45:00,358.9839,359.0731,358.5480,358.8650,238039
2023-11-08 12:30:00,358.6966,359.1028,358.3301,358.9740,320836
2023-11-08 12:15:00,358.4093,358.8551,358.2211,358.6917,452394
2023-11-08 12:00:00,358.9443,359.2216,357.9041,358.4645,620787
2023-11-08 11:45:00,359.1790,359.5486,358.8848,358.9418,505545
2023-11-08 11:30:00,358.7164,359.2018,358.3994,359.2018,474895
2023-11-08 11:15:00,358.9740,359.2018,358.2706,358.7263,545558
2023-11-08 11:00:00,358.2706,359.0235,358.1518,358.9046,503537
2023-11-08 10:45:00,358.2706,358.8155,357.9735,358.2459,529959
2023-11-08 10:30:00,357.5270,358.3697,357.2103,358.2905,736308
2023-11-08 10:15:00,357.9338,358.4291,357.1710,357.5574,960847
2023-11-08 10:00:00,359.1424,359.2316,357.5356,357.9437,1108608
2023-11-08 09:45:00,358.8848,359.6575,358.6570,359.1127,899655
2023-11-08 09:30:00,358.2905,360.4599,358.0180,358.8700,2142369
2023-11-08 09:15:00,357.7852,358.6075,357.5970,358.4390,35608
2023-11-08 09:00:00,357.3692,357.8150,357.3198,357.8140,14268
2023-11-08 08:45:00,357.3593,358.8105,354.6301,357.3494,1362940
2023-11-08 08:30:00,357.5673,357.5865,357.2206,357.3593,9496
2023-11-08 08:15:00,357.4600,357.7456,357.3395,357.5836,10467
2023-11-08 08:00:00,357.5277,357.9041,355.9625,357.4385,54479
2023-11-08 07:45:00,357.1413,357.5376,357.1314,357.4980,3761
2023-11-08 07:30:00,357.4682,357.4682,357.1512,357.1710,2555
2023-11-08 07:15:00,357.2503,357.4880,357.1413,357.4682,5140
2023-11-08 07:00:00,357.4682,357.7852,357.1810,357.2404,14234
2023-11-08 06:45:00,357.4880,357.5970,357.4088,357.5475,1122
2023-11-08 06:30:00,357.3196,357.9041,357.3196,357.5673,3928
2023-11-08 06:15:00,357.0125,357.3989,356.9630,357.2206,2089
2023-11-08 06:00:00,356.9531,357.2701,356.9234,357.0225,3097
2023-11-08 05:45:00,357.1017,357.1413,356.9234,357.1017,743
2023-11-08 05:30:00,356.9729,357.1017,356.7748,357.1017,1540
2023-11-08 05:15:00,357.1017,357.1116,356.9630,357.0125,256
2023-11-08 05:00:00,356.7451,357.1017,356.7451,357.1017,2945
2023-11-08 04:45:00,356.6757,356.9135,356.6262,356.8640,2367
2023-11-08 04:30:00,356.5370,356.8838,356.5073,356.5965,1661
2023-11-08 04:15:00,356.8441,356.9036,356.5469,356.5469,1971
2023-11-08 04:00:00,356.9135,356.9531,356.7550,356.9531,1382
2023-11-07 19:45:00,356.8144,356.9234,356.5767,356.9234,3859
2023-11-07 19:30:00,356.7748,356.9234,356.7253,356.8045,2747
2023-11-07 19:15:00,356.8045,356.8243,356.7352,356.8243,3980
2023-11-07 19:00:00,356.7748,356.9234,356.6262,356.8243,5043
2023-11-07 18:45:00,356.8838,356.9234,356.6262,356.7550,6803
2023-11-07 18:30:00,356.8838,356.9234,356.8116,356.8751,2911
2023-11-07 18:15:00,356.9234,356.9234,356.8243,356.8838,925
2023-11-07 18:00:00,356.8243,356.9036,356.5767,356.9036,4597
2023-11-07 17:45:00,356.6163,356.9135,356.4281,356.8243,1823
2023-11-07 17:30:00,356.6163,357.1512,356.4281,356.6163,12163
2023-11-07 17:15:00,356.6757,356.8144,356.3488,356.4033,6204
2023-11-07 17:00:00,356.8243,357.1512,356.6757,356.6757,29818
2023-11-07 16:45:00,356.9234,356.9234,356.7748,356.7847,3030
2023-11-07 16:30:00,356.8243,357.3281,356.7253,356.8342,13341
2023-11-07 16:15:00,357.0026,357.6152,352.2575,356.7847,22207
2023-11-07 16:00:00,357.1215,357.3097,356.9234,356.9630,10100322
2023-11-07 15:45:00,358.3993,358.4985,356.5668,357.1215,2250317
2023-11-07 15:30:00,357.9239,358.4390,357.8447,358.3796,686937
2023-11-07 15:15:00,357.7381,358.1617,357.3989,357.9338,664995
2023-11-07 15:00:00,358.0874,358.2706,357.4682,357.7357,524469
2023-11-07 14:45:00,358.4886,358.6966,357.9834,358.0874,356151
2023-11-07 14:30:00,358.7065,359.0037,358.3202,358.5146,454661
2023-11-07 14:15:00,358.4935,358.8551,358.4490,358.7065,358245
2023-11-07 14:00:00,358.8452,359.0334,358.4490,358.4985,471801
2023-11-07 13:45:00,358.8254,359.0037,358.6471,358.8551,390442
2023-11-07 13:30:00,358.7164,358.9839,358.5580,358.7982,413257
2023-11-07 13:15:00,358.6372,359.0631,358.4776,358.7065,444197
2023-11-07 13:00:00,358.2310,358.6669,358.0824,358.6273,459654
2023-11-07 12:45:00,358.4390,358.5777,357.9834,358.2409,378162
2023-11-07 12:30:00,357.8348,358.4991,357.5277,358.4192,440973
2023-11-07 12:15:00,357.8546,358.1320,357.3791,357.8199,495028
2023-11-07 12:00:00,358.3400,358.3696,357.5772,357.8645,598991
2023-11-07 11:45:00,358.7164,358.7511,357.9437,358.3449,445308
2023-11-07 11:30:00,358.7957,358.9839,358.3598,358.7016,569021
2023-11-07 11:15:00,358.3499,358.8848,358.0527,358.8056,595796
2023-11-07 11:00:00,358.0478,358.4787,357.5475,358.3697,568193
2023-11-07 10:45:00,357.2008,358.6867,357.2008,358.0527,1307603
2023-11-07 10:30:00,357.1661,357.3921,356.5717,357.1732,713039
2023-11-07 10:15:00,355.7544,357.2107,355.3780,357.1710,1181106
2023-11-07 10:00:00,355.9030,356.5668,355.5365,355.7544,813227
2023-11-07 09:45:00,355.0115,355.9328,354.4963,355.9129,1246490
2023-11-07 09:30:00,356.0318,356.3785,354.2784,355.0167,2236394
2023-11-07 09:15:00,356.2299,356.6163,355.7346,356.1804,74194
2023-11-07 09:00:00,355.6851,356.3587,355.6356,356.2299,51148
2023-11-07 08:45:00,355.3483,355.7346,355.1601,355.6851,18043
2023-11-07 08:30:00,355.2789,355.4771,355.0016,355.4374,13848
2023-11-07 08:15:00,355.3582,355.5266,355.0016,355.2393,10216
2023-11-07 08:00:00,353.5057,355.5167,351.8514,355.3483,45721
2023-11-07 07:45:00,354.9719,355.3087,354.9719,355.2889,11648
2023-11-07 07:30:00,355.2393,355.5266,354.8431,355.0412,36054
2023-11-07 07:15:00,354.8233,355.3879,354.7935,355.2393,16575
2023-11-07 07:00:00,353.4265,355.0016,353.4265,354.7737,32811
2023-11-07 06:45:00,353.5057,353.6444,353.4166,353.5156,844
2023-11-07 06:30:00,353.7930,353.8425,353.3175,353.4067,2675
2023-11-07 06:15:00,354.0208,354.0902,353.7534,353.7534,2099
2023-11-07 06:00:00,353.9416,354.0902,353.8921,354.0704,1234
2023-11-07 05:45:00,353.9020,354.0407,353.8822,353.9416,151
2023-11-07 05:30:00,354.0506,354.1496,353.8227,353.9020,1448
2023-11-07 05:15:00,353.7534,354.1001,353.7534,354.0407,2065
2023-11-07 05:00:00,353.7336,353.9416,353.6840,353.8723,1952
2023-11-07 04:45:00,353.8524,354.0010,353.7138,353.8524,830
2023-11-07 04:30:00,353.8425,354.0506,353.8425,353.8524,1878
2023-11-07 04:15:00,353.9515,353.9713,353.6246,353.8425,3170
2023-11-07 04:00:00,353.3571,354.0902,353.2581,353.9515,3721
2023-11-06 19:45:00,353.0401,353.1095,352.9113,353.0302,2982
2023-11-06 19:30:00,353.0996,353.1095,353.0104,353.0401,969
2023-11-06 19:15:00,352.9708,353.1392,352.9708,353.0698,2099
2023-11-06 19:00:00,352.8816,353.0599,352.7430,353.0104,2769
2023-11-06 18:45:00,352.7925,353.1887,352.7429,352.8816,4882
2023-11-06 18:30:00,352.9609,352.9609,352.7231,352.7925,2181
2023-11-06 18:15:00,353.0996,353.0996,352.7925,352.8321,3716
2023-11-06 18:00:00,353.1490,353.1491,352.9609,353.0104,2626
2023-11-06 17:45:00,353.1577,353.1590,352.9708,353.1095,546
2023-11-06 17:30:00,353.0104,353.1887,352.9708,353.1590,1860
2023-11-06 17:15:00,352.9312,353.2581,352.9113,353.1689,5157
2023-11-06 17:00:00,352.9807,353.0500,352.9014,352.9411,3800
2023-11-06 16:45:00,353.0401,353.0599,352.9609,353.0401,2440
2023-11-06 16:30:00,353.0599,353.1887,352.8321,353.0599,505805
2023-11-06 16:15:00,353.1887,353.3175,353.0203,353.0784,11953
2023-11-06 16:00:00,353.2977,353.6543,352.9510,353.1887,8157114
2023-11-06 15:45:00,351.7721,353.3274,351.7523,353.2977,1739245
2023-11-06 15:30:00,352.2476,352.3962,351.6929,351.8018,496953
2023-11-06 15:15:00,352.3863,352.4557,351.9702,352.2377,435673
2023-11-06 15:00:00,352.4358,352.6538,352.1486,352.3709,430564
2023-11-06 14:45:00,352.2575,352.6439,352.1082,352.4160,332146
2023-11-06 14:30:00,351.8415,352.4755,351.6433,352.2674,603051
2023-11-06 14:15:00,351.4848,352.1188,351.4551,351.8811,337476
2023-11-06 14:00:00,352.5844,352.6637,351.4551,351.4947,487785
2023-11-06 13:45:00,351.9603,352.5646,351.6136,352.5547,432343
2023-11-06 13:30:00,351.2075,352.0693,351.0391,351.9900,452739
2023-11-06 13:15:00,351.5542,351.7424,350.4942,351.2471,754348
2023-11-06 13:00:00,352.2575,352.2575,351.2570,351.5552,576921
2023-11-06 12:45:00,352.3467,352.5399,351.9504,352.2080,649158
2023-11-06 12:30:00,353.1491,353.4067,352.3368,352.3529,539868
2023-11-06 12:15:00,352.9212,353.2084,352.6835,353.1788,474210
2023-11-06 12:00:00,353.4562,353.4760,352.8717,352.9312,345657
2023-11-06 11:45:00,353.1491,353.6444,352.8915,353.5008,403100
2023-11-06 11:30:00,353.4958,353.7880,353.0352,353.1590,662931
2023-11-06 11:15:00,353.6544,354.1298,353.4859,353.4859,376540
2023-11-06 11:00:00,353.6543,354.1893,353.3571,353.6818,553761
2023-11-06 10:45:00,353.5156,353.9218,352.7132,353.6768,619503
2023-11-06 10:30:00,352.7578,353.9713,352.6637,353.4611,717589
2023-11-06 10:15:00,352.6934,354.0506,352.6934,352.7727,1036888
2023-11-06 10:00:00,352.7528,353.7038,352.1486,352.6934,1061735
2023-11-06 09:45:00,352.8519,353.4562,351.8613,352.7033,1277510
2023-11-06 09:30:00,350.1376,353.1590,350.0385,352.8123,2689302
2023-11-06 09:15:00,347.1905,350.2267,345.4519,350.0881,8577
2023-11-06 09:00:00,350.1871,350.2366,349.9791,350.1277,11727
2023-11-06 08:45:00,350.0980,350.5338,350.0682,350.2366,36100
2023-11-06 08:30:00,349.9494,350.1772,349.8503,350.1772,24442
2023-11-06 08:15:00,349.9989,350.1376,307.3870,349.9692,12215
2023-11-06 08:00:00,348.7507,350.6049,348.7507,350.0088,40196
2023-11-06 07:45:00,350.3852,350.4645,350.2168,350.3852,13795
2023-11-06 07:30:00,350.2961,350.4447,350.1871,350.4447,11091
2023-11-06 07:15:00,350.2862,350.4447,350.2466,350.3951,9005
2023-11-06 07:00:00,350.3852,350.5239,350.1871,350.3357,16575
2023-11-06 06:45:00,350.3852,350.6131,350.1772,350.3852,5259
2023-11-06 06:30:00,350.0980,350.4546,350.0980,350.3852,500
2023-11-06 06:15:00,350.1970,350.3159,350.0980,350.0980,1909
2023-11-06 06:00:00,350.3258,350.3258,350.1574,350.1970,1130
2023-11-06 05:45:00,350.1673,350.3852,350.1673,350.3258,1319
2023-11-06 05:30:00,350.4051,350.4348,350.0484,350.1871,2999
2023-11-06 05:15:00,350.3456,350.3951,350.2466,350.3951,2314
2023-11-06 05:00:00,350.2763,350.4348,350.1772,350.3654,1739
2023-11-06 04:45:00,350.1277,350.2862,350.0881,350.1475,2388
2023-11-06 04:30:00,349.8008,350.1475,349.7611,350.1475,5500
2023-11-06 04:15:00,349.9791,349.9791,349.5432,349.9296,2504
2023-11-06 04:00:00,349.8503,350.2168,349.2955,349.9395,2679
2023-11-03 19:45:00,349.3451,349.6720,349.2955,349.6720,5390
2023-11-03 19:30:00,349.4936,349.5432,349.3451,349.3451,2831
2023-11-03 19:15:00,349.3649,349.4936,349.2955,349.4441,1101
2023-11-03 19:00:00,349.2955,349.3649,349.2955,349.3550,789
2023-11-03 18:45:00,349.3055,349.3946,349.2955,349.2955,500
2023-11-03 18:30:00,349.3847,349.3946,349.2955,349.2995,1196
2023-11-03 18:15:00,349.3055,349.4342,349.2955,349.3847,1861
2023-11-03 18:00:00,349.3946,349.4441,349.2955,349.3451,357
2023-11-03 17:45:00,349.3451,349.5432,349.1965,349.2955,1342
2023-11-03 17:30:00,349.5432,349.5432,349.1965,349.3451,2558
2023-11-03 17:15:00,349.5333,349.5432,349.2163,349.2658,6170
2023-11-03 17:00:00,349.4937,349.6522,349.4937,349.5333,2391
2023-11-03 16:45:00,349.4441,349.6918,349.3451,349.6324,149398
2023-11-03 16:30:00,349.4243,349.4937,349.3154,349.3946,5815
2023-11-03 16:15:00,349.4441,349.4937,349.2460,349.4541,174623
2023-11-03 16:00:00,349.4045,349.8503,349.2460,349.4342,7291193
2023-11-03 15:45:00,350.2266,350.2266,349.3055,349.4937,1946653
2023-11-03 15:30:00,350.8013,350.8013,350.1970,350.2267,791610
2023-11-03 15:15:00,350.7221,350.8310,350.3654,350.8013,608419
2023-11-03 15:00:00,350.4150,351.0291,350.2961,350.7145,582905
2023-11-03 14:45:00,350.3914,350.6329,350.2862,350.4051,420611
2023-11-03 14:30:00,350.7121,350.7567,349.9196,350.3852,541846
2023-11-03 14:15:00,350.6824,351.0688,350.3555,350.7072,446057
2023-11-03 14:00:00,350.5338,350.7617,350.2474,350.7022,376061
2023-11-03 13:45:00,350.0881,350.7419,349.8107,350.5636,421339
2023-11-03 13:30:00,350.0484,350.5883,349.9989,350.0781,481377
2023-11-03 13:15:00,350.0583,350.4546,349.7810,350.0187,562468
2023-11-03 13:00:00,349.9692,350.4595,349.8206,350.0088,563870
2023-11-03 12:45:00,349.7116,350.0880,349.4541,349.9791,350800
2023-11-03 12:30:00,349.4739,349.8582,349.4441,349.7024,516713
2023-11-03 12:15:00,348.6021,349.6423,348.6021,349.4739,528324
2023-11-03 12:00:00,348.0424,348.7606,347.8492,348.6170,505121
2023-11-03 11:45:00,348.0077,348.4337,347.8988,348.0375,614265
2023-11-03 11:30:00,347.5719,348.1662,347.5224,348.0176,541627
2023-11-03 11:15:00,347.2152,347.7304,346.7794,347.5421,498376
2023-11-03 11:00:00,347.5669,347.8431,346.7397,347.2598,523501
2023-11-03 10:45:00,347.2637,347.6708,346.3930,347.5520,847457
2023-11-03 10:30:00,347.2350,348.1365,346.6407,347.2648,700467
2023-11-03 10:15:00,346.9775,348.5625,346.5416,347.2598,1111894
2023-11-03 10:00:00,346.8091,347.5124,346.3508,346.9478,1032647
2023-11-03 09:45:00,345.7838,347.3143,345.7689,346.7749,1451027
2023-11-03 09:30:00,346.3534,346.6704,344.0749,345.7590,1928245
2023-11-03 09:15:00,346.1255,346.6209,345.8482,346.3633,32547
2023-11-03 09:00:00,346.5020,346.7001,342.4503,346.1156,34462
2023-11-03 08:45:00,347.6907,347.7105,346.2747,346.6605,54457
2023-11-03 08:30:00,345.8581,348.4535,345.5708,347.7026,94846
2023-11-03 08:15:00,346.0265,346.0265,345.5312,345.6798,22517
2023-11-03 08:00:00,346.1057,346.5633,345.0557,345.7491,18253
2023-11-03 07:45:00,346.0958,346.2543,345.7293,345.9571,8445
2023-11-03 07:30:00,346.2543,346.3336,345.9076,346.1652,7192
2023-11-03 07:15:00,345.5807,346.3534,345.5708,346.2840,14595
2023-11-03 07:00:00,346.1454,346.2048,345.5609,345.5609,10144
2023-11-03 06:45:00,345.9670,346.2345,345.9373,346.2147,382
2023-11-03 06:30:00,346.1255,346.1255,345.8383,346.0463,2422
2023-11-03 06:15:00,346.2444,346.4128,346.0562,346.1354,4254
2023-11-03 06:00:00,346.2741,346.4029,346.1652,346.2246,1945
2023-11-03 05:45:00,346.1255,346.4029,346.1156,346.3930,3192
2023-11-03 05:30:00,346.3732,346.3831,346.0364,346.1255,2836
2023-11-03 05:15:00,346.3435,346.5119,346.3138,346.3138,830
2023-11-03 05:00:00,346.2939,346.4921,346.2246,346.3336,2577
2023-11-03 04:45:00,346.3039,346.6010,346.2246,346.2840,2840
2023-11-03 04:30:00,346.2147,346.5119,346.1850,346.4029,1676
2023-11-03 04:15:00,346.0859,346.5218,345.7392,346.2048,4707
2023-11-03 04:00:00,346.1949,346.5218,345.3628,345.9769,5481
2023-11-02 19:45:00,346.2246,346.3732,345.9472,346.0265,9925
2023-11-02 19:30:00,346.3732,346.4029,345.8779,346.1454,5222
2023-11-02 19:15:00,346.0958,346.4723,345.7887,346.3138,16605
2023-11-02 19:00:00,346.0265,346.1553,345.7392,346.0067,4549
2023-11-02 18:45:00,346.1057,346.1057,345.7392,346.0265,3978
2023-11-02 18:30:00,345.9844,346.1553,345.8383,346.1057,2894
2023-11-02 18:15:00,345.9472,346.1553,345.6401,346.1553,4186
2023-11-02 18:00:00,345.2340,345.9769,345.1448,345.6005,17393
2023-11-02 17:45:00,345.8977,346.0067,345.1448,345.1722,15562
2023-11-02 17:30:00,345.5071,345.9769,345.0557,345.8977,20061
2023-11-02 17:15:00,345.4519,345.9373,345.0755,345.9373,37020
2023-11-02 17:00:00,345.5906,345.7085,342.8267,345.5609,7141
2023-11-02 16:45:00,345.3330,345.6897,345.0557,345.6897,48451
2023-11-02 16:30:00,344.7387,345.6302,344.7387,345.3330,61892
2023-11-02 16:15:00,345.0557,345.0557,340.1025,344.7387,33517
2023-11-02 16:00:00,345.1349,345.1349,343.7123,344.3028,7446813
2023-11-02 15:45:00,344.7684,345.5609,344.7188,345.1349,1975149
2023-11-02 15:30:00,344.8179,345.0953,344.3424,344.8105,839115
2023-11-02 15:15:00,344.0205,344.9170,344.0056,344.8328,609780
2023-11-02 15:00:00,344.2136,344.2830,343.6589,344.0254,574540
2023-11-02 14:45:00,344.4613,344.5200,344.0749,344.2433,366750
2023-11-02 14:30:00,344.5504,344.7486,344.2929,344.4613,360179
2023-11-02 14:15:00,344.4464,344.7684,344.3919,344.5455,405096
2023-11-02 14:00:00,344.4316,344.5108,344.0452,344.4514,481217
2023-11-02 13:45:00,344.4514,345.2340,344.3548,344.4415,394883
2023-11-02 13:30:00,344.2334,344.6495,344.1690,344.4415,495771
2023-11-02 13:15:00,344.4316,344.5503,344.1096,344.2235,397205
2023-11-02 13:00:00,344.4514,344.6693,344.1939,344.4415,360850
2023-11-02 12:45:00,344.8482,344.9764,344.3622,344.4810,312025
2023-11-02 12:30:00,344.1839,345.0160,343.9264,344.8575,500402
2023-11-02 12:15:00,343.8428,344.2731,343.2329,344.1542,394421
2023-11-02 12:00:00,344.1146,344.1344,343.5648,343.8377,339493
2023-11-02 11:45:00,344.6099,344.8575,343.3914,344.0650,544749
2023-11-02 11:30:00,344.2235,345.1349,343.6985,344.6297,546545
2023-11-02 11:15:00,344.8427,344.9269,344.0848,344.1839,596528
2023-11-02 11:00:00,345.2835,345.5312,344.7387,344.8576,744677
2023-11-02 10:45:00,344.6396,345.5014,343.9958,345.2736,1011222
2023-11-02 10:30:00,344.1096,344.7188,343.1437,344.6570,783797
2023-11-02 10:15:00,342.7080,344.3424,342.5791,344.0749,883054
2023-11-02 10:00:00,343.1834,343.4508,342.0640,342.7178,974162
2023-11-02 09:45:00,343.8421,343.8421,341.5389,343.1834,1748745
2023-11-02 09:30:00,343.9858,344.4712,342.6583,343.8570,2657121
2023-11-02 09:15:00,345.7293,345.8779,343.4112,343.8273,114863
2023-11-02 09:00:00,346.1553,346.3138,342.8267,345.8383,47915
2023-11-02 08:45:00,345.7293,346.2840,345.6302,346.1553,36528
2023-11-02 08:30:00,345.7293,346.3237,345.5113,345.7689,40877
2023-11-02 08:15:00,346.0562,346.2048,345.5014,345.7293,22178
2023-11-02 08:00:00,345.3826,346.2048,342.8267,346.0562,72788
2023-11-02 07:45:00,345.8383,346.1057,345.3231,345.3231,26034
2023-11-02 07:30:00,345.6996,345.9076,345.5411,345.8878,14659
2023-11-02 07:15:00,345.6401,345.8085,345.4321,345.5906,28970
2023-11-02 07:00:00,345.3628,345.6500,345.1844,345.6500,17719
2023-11-02 06:45:00,345.3429,345.5213,345.3033,345.3925,4771
2023-11-02 06:30:00,344.9665,345.3132,344.7585,345.3132,4416
2023-11-02 06:15:00,345.2142,345.3528,344.8674,344.9863,10076
2023-11-02 06:00:00,345.2439,345.5312,344.9071,345.0458,4708
2023-11-02 05:45:00,345.4519,345.5312,345.2340,345.2835,5249
2023-11-02 05:30:00,345.8383,345.8779,345.4816,345.4816,3593
2023-11-02 05:15:00,345.8085,345.8581,345.7095,345.7491,1278
2023-11-02 05:00:00,345.9274,345.9869,345.7293,345.8779,1937
2023-11-02 04:45:00,345.9076,346.1751,345.6897,345.9274,4284
2023-11-02 04:30:00,345.5708,346.0463,345.5609,345.7194,7953
2023-11-02 04:15:00,344.5901,345.7293,344.5802,345.6897,13473
2023-11-02 04:00:00,344.2731,344.6792,342.9852,344.6198,10992
2023-11-01 19:45:00,343.5697,344.1245,343.4112,343.5994,9910
2023-11-01 19:30:00,343.7480,343.7480,343.3617,343.5697,4468
2023-11-01 19:15:00,343.7282,344.1641,343.6490,343.7579,6191
2023-11-01 19:00:00,343.6967,343.7381,343.5499,343.6490,3880
2023-11-01 18:45:00,343.5301,343.6985,343.4013,343.6984,9978
2023-11-01 18:30:00,343.5400,343.5994,343.3518,343.5004,3318
2023-11-01 18:15:00,343.4013,343.5994,343.3518,343.3518,8828
2023-11-01 18:00:00,343.1636,343.5004,343.0249,343.4508,5458
2023-11-01 17:45:00,343.1437,343.3122,343.0249,343.2527,2075
2023-11-01 17:30:00,343.1140,343.3320,343.0249,343.3151,1731
2023-11-01 17:15:00,343.0843,343.3221,343.0051,343.3022,4065
2023-11-01 17:00:00,343.0051,343.4558,327.5126,343.1537,5937
2023-11-01 16:45:00,343.0546,343.1239,342.8168,343.0447,163275
2023-11-01 16:30:00,342.4701,343.1239,342.4701,343.1140,13610
2023-11-01 16:15:00,342.8267,342.8267,342.2621,342.5097,90029
2023-11-01 16:00:00,342.8664,343.2428,342.2621,342.7772,8982105
2023-11-01 15:45:00,343.5202,343.7183,342.4404,342.8267,2225718
2023-11-01 15:30:00,343.4607,344.1641,343.1338,343.5350,1083151
2023-11-01 15:15:00,342.2621,343.8471,342.0640,343.4855,1167567
2023-11-01 15:00:00,341.9599,343.1041,341.9154,342.2621,1217477
2023-11-01 14:45:00,340.5978,342.2126,339.8251,341.9550,910025
2023-11-01 14:30:00,341.4498,342.6088,339.8846,340.5582,1146142
2023-11-01 14:15:00,340.7464,341.5885,340.5285,341.4498,492942
2023-11-01 14:00:00,340.8207,341.6479,340.3601,340.7167,507652
2023-11-01 13:45:00,340.8576,341.2021,340.4393,340.8158,357527
2023-11-01 13:30:00,340.7365,340.9247,340.2412,340.8455,355116
2023-11-01 13:15:00,340.8770,341.1625,340.6771,340.7563,369987
2023-11-01 13:00:00,340.4889,341.1031,340.2214,340.9099,339635
2023-11-01 12:45:00,340.5780,340.7861,340.2794,340.4889,320274
2023-11-01 12:30:00,340.9644,341.4322,340.0728,340.5739,437094
2023-11-01 12:15:00,341.5786,341.6479,340.9049,340.9446,442793
2023-11-01 12:00:00,341.8658,341.9154,341.3210,341.5587,387842
2023-11-01 11:45:00,341.5637,342.2126,341.1229,341.8658,558888
2023-11-01 11:30:00,341.8460,341.8956,341.1130,341.5389,452480
2023-11-01 11:15:00,342.0838,342.2423,341.4201,341.8213,801080
2023-11-01 11:00:00,342.4701,342.9753,341.5587,342.0739,661014
2023-11-01 10:45:00,343.0546,343.2626,342.1036,342.4800,873970
2023-11-01 10:30:00,342.2423,343.2478,341.6637,343.0546,1244783
2023-11-01 10:15:00,340.7266,342.7277,340.6969,342.2324,1410563
2023-11-01 10:00:00,340.1818,341.3309,339.4685,340.7060,1342240
2023-11-01 09:45:00,340.6078,340.8455,339.6270,340.1724,1242385
2023-11-01 09:30:00,336.6056,340.8554,336.4669,340.6969,2389684
2023-11-01 09:15:00,336.5561,336.6948,333.3712,336.5164,19823
2023-11-01 09:00:00,336.3976,336.5957,334.9413,336.5759,33404
2023-11-01 08:45:00,336.1103,336.7641,335.9419,336.3183,35730
2023-11-01 08:30:00,334.5055,336.5858,334.3569,336.1103,44696
2023-11-01 08:15:00,334.4064,334.8225,333.8814,334.3371,9906
2023-11-01 08:00:00,334.2479,335.5555,333.2077,334.3172,16540
2023-11-01 07:45:00,333.6832,333.6832,333.1879,333.3464,4116
2023-11-01 07:30:00,333.6436,333.9408,333.5545,333.6932,3416
2023-11-01 07:15:00,333.9507,333.9705,333.6535,333.6535,3212
2023-11-01 07:00:00,334.0102,334.1687,333.8517,333.8517,2353
2023-11-01 06:45:00,334.1984,334.1984,333.8417,333.8517,785
2023-11-01 06:30:00,333.7922,334.1984,333.6139,334.1984,543
2023-11-01 06:15:00,333.3960,333.7922,333.3960,333.7724,739
2023-11-01 06:00:00,333.4455,333.5941,333.2672,333.3662,2262
2023-11-01 05:45:00,333.6238,333.6535,333.3762,333.3762,593
2023-11-01 05:30:00,333.8417,333.8417,333.5049,333.6733,1122
2023-11-01 05:15:00,334.0993,334.1786,333.3762,333.5446,1838
2023-11-01 05:00:00,334.0201,334.3172,333.9111,334.0894,571
2023-11-01 04:45:00,334.3569,334.3569,334.0102,334.0993,1341
2023-11-01 04:30:00,334.1389,334.6541,334.1389,334.3569,1761
2023-11-01 04:15:00,334.8126,334.8126,334.1389,334.1587,731
2023-11-01 04:00:00,335.0800,335.0800,334.3965,334.8324,1484
